name,round,val_loss,val_acc,test_loss,test_acc,train_loss,train_acc
hetetogeneous_shard_non_iid_10_J_8_LR_0.01,1,19.3485,0.0094,16.0604,0.0100,19.2168,0.0101
hetetogeneous_shard_non_iid_10_J_8_LR_0.01,2,5.7988,0.0094,5.6856,0.0100,5.7764,0.0101
hetetogeneous_shard_non_iid_10_J_8_LR_0.01,3,6.9115,0.0106,7.0564,0.0100,6.8796,0.0099
hetetogeneous_shard_non_iid_10_J_8_LR_0.01,4,11.1550,0.0074,10.4167,0.0100,11.0601,0.0103
hetetogeneous_shard_non_iid_10_J_8_LR_0.01,5,4.6400,0.0106,4.6409,0.0100,4.6454,0.0099
hetetogeneous_shard_non_iid_10_J_8_LR_0.01,6,7.3016,0.0106,7.1855,0.0100,7.2824,0.0099
hetetogeneous_shard_non_iid_10_J_8_LR_0.01,7,6.5446,0.0076,6.4818,0.0107,6.4904,0.0104
hetetogeneous_shard_non_iid_10_J_8_LR_0.01,8,5.6272,0.0114,5.4196,0.0113,5.6159,0.0109
hetetogeneous_shard_non_iid_10_J_8_LR_0.01,9,7.0902,0.0084,6.6732,0.0100,7.0651,0.0102
hetetogeneous_shard_non_iid_10_J_8_LR_0.01,10,4.8744,0.0100,4.8066,0.0100,4.8792,0.0100
hetetogeneous_shard_non_iid_10_J_8_LR_0.01,11,6.1747,0.0098,5.9397,0.0100,6.1864,0.0100
hetetogeneous_shard_non_iid_10_J_8_LR_0.01,12,5.0701,0.0092,4.9512,0.0099,5.0850,0.0101
hetetogeneous_shard_non_iid_10_J_8_LR_0.01,13,9.9060,0.0100,8.5828,0.0099,9.9193,0.0100
hetetogeneous_shard_non_iid_10_J_8_LR_0.01,14,4.7233,0.0076,4.7153,0.0085,4.7285,0.0084
hetetogeneous_shard_non_iid_10_J_8_LR_0.01,15,15.5423,0.0096,16.0453,0.0100,15.4015,0.0100
hetetogeneous_shard_non_iid_10_J_8_LR_0.01,16,4.6830,0.0104,4.7005,0.0105,4.6796,0.0101
hetetogeneous_shard_non_iid_10_J_8_LR_0.01,17,7.2684,0.0086,7.2899,0.0100,7.2520,0.0102
hetetogeneous_shard_non_iid_10_J_8_LR_0.01,18,4.7789,0.0108,4.7778,0.0100,4.7876,0.0099
hetetogeneous_shard_non_iid_10_J_8_LR_0.01,19,6.4918,0.0112,6.7701,0.0108,6.4622,0.0094
hetetogeneous_shard_non_iid_10_J_8_LR_0.01,20,4.8011,0.0102,4.7844,0.0100,4.8096,0.0100
hetetogeneous_shard_non_iid_10_J_8_LR_0.01,21,11.3605,0.0076,10.1657,0.0100,11.3037,0.0103
hetetogeneous_shard_non_iid_10_J_8_LR_0.01,22,4.9376,0.0100,4.8473,0.0092,4.9711,0.0090
hetetogeneous_shard_non_iid_10_J_8_LR_0.01,23,8.3053,0.0090,7.1341,0.0097,8.3733,0.0100
hetetogeneous_shard_non_iid_10_J_8_LR_0.01,24,4.8980,0.0116,4.8435,0.0100,4.9245,0.0098
hetetogeneous_shard_non_iid_10_J_8_LR_0.01,25,24.1454,0.0114,20.0186,0.0129,24.3651,0.0129
hetetogeneous_shard_non_iid_10_J_8_LR_0.01,26,5.0922,0.0092,5.0319,0.0100,5.1103,0.0101
hetetogeneous_shard_non_iid_10_J_8_LR_0.01,27,7.2077,0.0100,6.9701,0.0100,7.2701,0.0100
hetetogeneous_shard_non_iid_10_J_8_LR_0.01,28,4.9984,0.0098,4.9500,0.0108,5.0210,0.0102
hetetogeneous_shard_non_iid_10_J_8_LR_0.01,29,5.7870,0.0108,5.6271,0.0100,5.8366,0.0099
hetetogeneous_shard_non_iid_10_J_8_LR_0.01,30,5.0195,0.0106,4.9437,0.0120,5.0487,0.0101
hetetogeneous_shard_non_iid_10_J_8_LR_0.01,31,5.2240,0.0144,5.0851,0.0153,5.2482,0.0131
hetetogeneous_shard_non_iid_10_J_8_LR_0.01,32,5.8913,0.0092,5.6071,0.0102,5.9074,0.0100
hetetogeneous_shard_non_iid_10_J_8_LR_0.01,33,4.9427,0.0096,4.8765,0.0100,4.9672,0.0101
hetetogeneous_shard_non_iid_10_J_8_LR_0.01,34,5.5470,0.0108,5.3423,0.0100,5.5889,0.0099
hetetogeneous_shard_non_iid_10_J_8_LR_0.01,35,4.7432,0.0116,4.7282,0.0100,4.7623,0.0098
hetetogeneous_shard_non_iid_10_J_8_LR_0.01,36,6.4812,0.0100,6.0782,0.0100,6.4827,0.0100
hetetogeneous_shard_non_iid_10_J_8_LR_0.01,37,4.8437,0.0108,4.7984,0.0109,4.8557,0.0107
hetetogeneous_shard_non_iid_10_J_8_LR_0.01,38,5.5256,0.0108,5.3360,0.0106,5.5451,0.0102
hetetogeneous_shard_non_iid_10_J_8_LR_0.01,39,4.9786,0.0096,4.8883,0.0106,4.9716,0.0101
hetetogeneous_shard_non_iid_10_J_8_LR_0.01,40,6.4682,0.0090,6.0492,0.0106,6.4644,0.0106
hetetogeneous_shard_non_iid_10_J_8_LR_0.01,41,5.0724,0.0092,4.9592,0.0109,5.0637,0.0109
hetetogeneous_shard_non_iid_10_J_8_LR_0.01,42,5.7119,0.0080,5.4829,0.0100,5.7005,0.0102
hetetogeneous_shard_non_iid_10_J_8_LR_0.01,43,5.2657,0.0100,5.1218,0.0100,5.2653,0.0100
hetetogeneous_shard_non_iid_10_J_8_LR_0.01,44,5.1332,0.0106,5.0223,0.0107,5.1320,0.0107
hetetogeneous_shard_non_iid_10_J_8_LR_0.01,45,5.3123,0.0098,5.1687,0.0100,5.3105,0.0100
hetetogeneous_shard_non_iid_10_J_8_LR_0.01,46,5.4818,0.0104,5.2776,0.0108,5.4690,0.0108
hetetogeneous_shard_non_iid_10_J_8_LR_0.01,47,5.1984,0.0092,5.0897,0.0100,5.2070,0.0101
hetetogeneous_shard_non_iid_10_J_8_LR_0.01,48,5.0608,0.0104,5.0005,0.0101,5.0804,0.0100
hetetogeneous_shard_non_iid_10_J_8_LR_0.01,49,5.0788,0.0090,5.0058,0.0102,5.0903,0.0101
hetetogeneous_shard_non_iid_10_J_8_LR_0.01,50,5.5215,0.0114,5.3716,0.0117,5.5298,0.0109
hetetogeneous_shard_non_iid_10_J_8_LR_0.01,51,4.9301,0.0108,4.8923,0.0104,4.9380,0.0100
hetetogeneous_shard_non_iid_10_J_8_LR_0.01,52,5.2186,0.0126,5.1265,0.0107,5.2377,0.0118
hetetogeneous_shard_non_iid_10_J_8_LR_0.01,53,5.5724,0.0108,5.4076,0.0107,5.5901,0.0094
hetetogeneous_shard_non_iid_10_J_8_LR_0.01,54,4.9680,0.0080,4.9096,0.0117,4.9692,0.0119
hetetogeneous_shard_non_iid_10_J_8_LR_0.01,55,5.6345,0.0108,5.4429,0.0136,5.6314,0.0130
hetetogeneous_shard_non_iid_10_J_8_LR_0.01,56,4.9240,0.0092,4.8628,0.0100,4.9209,0.0101
hetetogeneous_shard_non_iid_10_J_8_LR_0.01,57,6.6115,0.0076,6.2336,0.0100,6.5732,0.0103
hetetogeneous_shard_non_iid_10_J_8_LR_0.01,58,4.8517,0.0116,4.8125,0.0142,4.8554,0.0129
hetetogeneous_shard_non_iid_10_J_8_LR_0.01,59,7.0871,0.0084,6.7817,0.0100,7.0671,0.0102
hetetogeneous_shard_non_iid_10_J_8_LR_0.01,60,4.9703,0.0132,4.9226,0.0114,4.9816,0.0114
hetetogeneous_shard_non_iid_10_J_8_LR_0.01,61,5.4942,0.0126,5.3362,0.0134,5.4909,0.0141
hetetogeneous_shard_non_iid_10_J_8_LR_0.01,62,4.9430,0.0184,4.8951,0.0200,4.9517,0.0182
hetetogeneous_shard_non_iid_10_J_8_LR_0.01,63,6.9730,0.0140,6.5718,0.0148,6.9853,0.0145
hetetogeneous_shard_non_iid_10_J_8_LR_0.01,64,4.8249,0.0092,4.7913,0.0100,4.8265,0.0101
hetetogeneous_shard_non_iid_10_J_8_LR_0.01,65,5.9993,0.0104,5.7908,0.0134,6.0035,0.0127
hetetogeneous_shard_non_iid_10_J_8_LR_0.01,66,5.1063,0.0112,5.0311,0.0135,5.1009,0.0134
hetetogeneous_shard_non_iid_10_J_8_LR_0.01,67,5.5226,0.0096,5.3717,0.0100,5.5185,0.0100
hetetogeneous_shard_non_iid_10_J_8_LR_0.01,68,5.0505,0.0172,4.9858,0.0153,5.0518,0.0153
hetetogeneous_shard_non_iid_10_J_8_LR_0.01,69,5.2898,0.0082,5.1819,0.0105,5.2881,0.0106
hetetogeneous_shard_non_iid_10_J_8_LR_0.01,70,5.1267,0.0098,5.0427,0.0100,5.1221,0.0100
hetetogeneous_shard_non_iid_10_J_8_LR_0.01,71,5.7058,0.0102,5.5598,0.0125,5.7041,0.0135
hetetogeneous_shard_non_iid_10_J_8_LR_0.01,72,4.9259,0.0134,4.8820,0.0145,4.9187,0.0139
hetetogeneous_shard_non_iid_10_J_8_LR_0.01,73,5.0070,0.0114,4.9563,0.0115,5.0096,0.0115
hetetogeneous_shard_non_iid_10_J_8_LR_0.01,74,5.2883,0.0138,5.2010,0.0139,5.2936,0.0139
hetetogeneous_shard_non_iid_10_J_8_LR_0.01,75,5.4614,0.0110,5.3371,0.0132,5.4440,0.0122
hetetogeneous_shard_non_iid_10_J_8_LR_0.01,76,4.7283,0.0162,4.7179,0.0186,4.7313,0.0175
hetetogeneous_shard_non_iid_10_J_8_LR_0.01,77,7.1755,0.0122,6.9955,0.0143,7.1253,0.0128
hetetogeneous_shard_non_iid_10_J_8_LR_0.01,78,4.8239,0.0128,4.8153,0.0127,4.8348,0.0122
hetetogeneous_shard_non_iid_10_J_8_LR_0.01,79,5.4501,0.0110,5.4959,0.0100,5.4560,0.0099
hetetogeneous_shard_non_iid_10_J_8_LR_0.01,80,5.3956,0.0106,5.2710,0.0110,5.4051,0.0107
hetetogeneous_shard_non_iid_10_J_8_LR_0.01,81,5.3035,0.0116,5.2311,0.0108,5.3132,0.0119
hetetogeneous_shard_non_iid_10_J_8_LR_0.01,82,4.7670,0.0134,4.7828,0.0133,4.7806,0.0137
hetetogeneous_shard_non_iid_10_J_8_LR_0.01,83,5.0013,0.0122,4.9477,0.0100,5.0216,0.0098
hetetogeneous_shard_non_iid_10_J_8_LR_0.01,84,5.0572,0.0188,4.9785,0.0166,5.0647,0.0158
hetetogeneous_shard_non_iid_10_J_8_LR_0.01,85,5.4625,0.0084,5.2364,0.0100,5.4548,0.0102
hetetogeneous_shard_non_iid_10_J_8_LR_0.01,86,4.8248,0.0136,4.8046,0.0110,4.8340,0.0125
hetetogeneous_shard_non_iid_10_J_8_LR_0.01,87,4.8986,0.0146,4.8780,0.0156,4.9240,0.0154
hetetogeneous_shard_non_iid_10_J_8_LR_0.01,88,5.9247,0.0146,5.7880,0.0146,5.9374,0.0143
hetetogeneous_shard_non_iid_10_J_8_LR_0.01,89,4.8606,0.0094,4.8365,0.0100,4.8746,0.0101
hetetogeneous_shard_non_iid_10_J_8_LR_0.01,90,5.1422,0.0146,5.1343,0.0136,5.1670,0.0143
hetetogeneous_shard_non_iid_10_J_8_LR_0.01,91,5.1956,0.0174,5.0857,0.0190,5.1859,0.0182
hetetogeneous_shard_non_iid_10_J_8_LR_0.01,92,5.1252,0.0106,5.0436,0.0105,5.1278,0.0109
hetetogeneous_shard_non_iid_10_J_8_LR_0.01,93,5.0977,0.0228,5.0382,0.0218,5.1045,0.0210
hetetogeneous_shard_non_iid_10_J_8_LR_0.01,94,4.8510,0.0222,4.8349,0.0212,4.8581,0.0208
hetetogeneous_shard_non_iid_10_J_8_LR_0.01,95,5.4270,0.0104,5.3130,0.0100,5.4176,0.0100
hetetogeneous_shard_non_iid_10_J_8_LR_0.01,96,6.1630,0.0100,5.9509,0.0101,6.1147,0.0101
hetetogeneous_shard_non_iid_10_J_8_LR_0.01,97,5.0767,0.0144,4.9894,0.0142,5.0612,0.0146
hetetogeneous_shard_non_iid_10_J_8_LR_0.01,98,5.1793,0.0178,5.0897,0.0204,5.1635,0.0210
hetetogeneous_shard_non_iid_10_J_8_LR_0.01,99,5.0975,0.0174,5.0352,0.0181,5.0930,0.0178
hetetogeneous_shard_non_iid_10_J_8_LR_0.01,100,5.1662,0.0150,5.0972,0.0141,5.1622,0.0151
hetetogeneous_shard_non_iid_10_J_8_LR_0.01,101,5.2553,0.0112,5.1547,0.0127,5.2450,0.0119
hetetogeneous_shard_non_iid_10_J_8_LR_0.01,102,5.5165,0.0210,5.3819,0.0214,5.4875,0.0202
hetetogeneous_shard_non_iid_10_J_8_LR_0.01,103,5.0548,0.0162,4.9860,0.0185,5.0363,0.0174
hetetogeneous_shard_non_iid_10_J_8_LR_0.01,104,5.3743,0.0130,5.2330,0.0141,5.3440,0.0131
hetetogeneous_shard_non_iid_10_J_8_LR_0.01,105,4.8624,0.0108,4.8207,0.0102,4.8535,0.0106
hetetogeneous_shard_non_iid_10_J_8_LR_0.01,106,5.3282,0.0174,5.2279,0.0208,5.3015,0.0207
hetetogeneous_shard_non_iid_10_J_8_LR_0.01,107,5.7695,0.0118,5.6201,0.0132,5.7387,0.0127
hetetogeneous_shard_non_iid_10_J_8_LR_0.01,108,5.1457,0.0204,5.0664,0.0208,5.1326,0.0211
hetetogeneous_shard_non_iid_10_J_8_LR_0.01,109,5.0367,0.0148,4.9789,0.0148,5.0330,0.0168
hetetogeneous_shard_non_iid_10_J_8_LR_0.01,110,5.1387,0.0170,5.0583,0.0150,5.1363,0.0160
hetetogeneous_shard_non_iid_10_J_8_LR_0.01,111,5.0452,0.0206,5.0028,0.0190,5.0540,0.0199
hetetogeneous_shard_non_iid_10_J_8_LR_0.01,112,5.1814,0.0184,5.1059,0.0173,5.1782,0.0206
hetetogeneous_shard_non_iid_10_J_8_LR_0.01,113,5.0923,0.0212,5.0229,0.0225,5.0874,0.0230
hetetogeneous_shard_non_iid_10_J_8_LR_0.01,114,5.5813,0.0170,5.4421,0.0199,5.5711,0.0192
hetetogeneous_shard_non_iid_10_J_8_LR_0.01,115,4.9610,0.0264,4.8812,0.0265,4.9582,0.0253
hetetogeneous_shard_non_iid_10_J_8_LR_0.01,116,4.9146,0.0172,4.8678,0.0194,4.9203,0.0178
hetetogeneous_shard_non_iid_10_J_8_LR_0.01,117,5.1695,0.0120,5.0730,0.0146,5.1673,0.0141
hetetogeneous_shard_non_iid_10_J_8_LR_0.01,118,4.9259,0.0214,4.8717,0.0242,4.9284,0.0229
hetetogeneous_shard_non_iid_10_J_8_LR_0.01,119,5.1666,0.0150,5.0485,0.0177,5.1577,0.0174
hetetogeneous_shard_non_iid_10_J_8_LR_0.01,120,5.6308,0.0120,5.4943,0.0103,5.6174,0.0107
hetetogeneous_shard_non_iid_10_J_8_LR_0.01,121,5.5445,0.0154,5.4534,0.0171,5.5314,0.0177
hetetogeneous_shard_non_iid_10_J_8_LR_0.01,122,4.6362,0.0202,4.6319,0.0205,4.6504,0.0204
hetetogeneous_shard_non_iid_10_J_8_LR_0.01,123,4.9617,0.0320,4.9062,0.0280,4.9722,0.0286
hetetogeneous_shard_non_iid_10_J_8_LR_0.01,124,4.8017,0.0178,4.7779,0.0153,4.8167,0.0166
hetetogeneous_shard_non_iid_10_J_8_LR_0.01,125,4.9918,0.0208,4.9409,0.0189,4.9983,0.0203
hetetogeneous_shard_non_iid_10_J_8_LR_0.01,126,5.1249,0.0250,5.0467,0.0254,5.1345,0.0234
hetetogeneous_shard_non_iid_10_J_8_LR_0.01,127,5.0801,0.0196,5.0300,0.0235,5.0927,0.0214
hetetogeneous_shard_non_iid_10_J_8_LR_0.01,128,4.9688,0.0200,4.9238,0.0223,4.9814,0.0219
hetetogeneous_shard_non_iid_10_J_8_LR_0.01,129,4.8307,0.0162,4.7958,0.0166,4.8357,0.0158
hetetogeneous_shard_non_iid_10_J_8_LR_0.01,130,5.1338,0.0240,5.0702,0.0240,5.1347,0.0242
hetetogeneous_shard_non_iid_10_J_8_LR_0.01,131,5.6326,0.0180,5.4867,0.0193,5.6001,0.0183
hetetogeneous_shard_non_iid_10_J_8_LR_0.01,132,4.6923,0.0348,4.6723,0.0323,4.6994,0.0308
hetetogeneous_shard_non_iid_10_J_8_LR_0.01,133,5.4757,0.0268,5.3563,0.0301,5.4676,0.0288
hetetogeneous_shard_non_iid_10_J_8_LR_0.01,134,4.6944,0.0188,4.6692,0.0200,4.7045,0.0199
hetetogeneous_shard_non_iid_10_J_8_LR_0.01,135,4.9404,0.0266,4.8780,0.0273,4.9429,0.0273
hetetogeneous_shard_non_iid_10_J_8_LR_0.01,136,5.2066,0.0264,5.1330,0.0287,5.1979,0.0267
hetetogeneous_shard_non_iid_10_J_8_LR_0.01,137,4.6227,0.0174,4.6056,0.0185,4.6338,0.0188
hetetogeneous_shard_non_iid_10_J_8_LR_0.01,138,4.8924,0.0240,4.8693,0.0264,4.9098,0.0252
hetetogeneous_shard_non_iid_10_J_8_LR_0.01,139,4.9702,0.0294,4.9176,0.0316,4.9880,0.0283
hetetogeneous_shard_non_iid_10_J_8_LR_0.01,140,4.9013,0.0280,4.8744,0.0280,4.9008,0.0289
hetetogeneous_shard_non_iid_10_J_8_LR_0.01,141,4.6933,0.0270,4.6625,0.0307,4.6874,0.0309
hetetogeneous_shard_non_iid_10_J_8_LR_0.01,142,4.8838,0.0316,4.8562,0.0313,4.8896,0.0316
hetetogeneous_shard_non_iid_10_J_8_LR_0.01,143,5.2829,0.0276,5.2110,0.0305,5.2846,0.0273
hetetogeneous_shard_non_iid_10_J_8_LR_0.01,144,4.8127,0.0250,4.8000,0.0252,4.8047,0.0259
hetetogeneous_shard_non_iid_10_J_8_LR_0.01,145,5.0254,0.0264,5.0183,0.0306,5.0093,0.0303
hetetogeneous_shard_non_iid_10_J_8_LR_0.01,146,4.9354,0.0392,4.8841,0.0401,4.9093,0.0394
hetetogeneous_shard_non_iid_10_J_8_LR_0.01,147,5.1740,0.0294,5.1354,0.0292,5.1549,0.0301
hetetogeneous_shard_non_iid_10_J_8_LR_0.01,148,4.7793,0.0218,4.7592,0.0263,4.7706,0.0248
hetetogeneous_shard_non_iid_10_J_8_LR_0.01,149,4.9787,0.0186,4.9314,0.0187,4.9779,0.0187
hetetogeneous_shard_non_iid_10_J_8_LR_0.01,150,4.6329,0.0188,4.6265,0.0185,4.6546,0.0185
hetetogeneous_shard_non_iid_10_J_8_LR_0.01,151,5.1843,0.0248,5.0748,0.0255,5.1925,0.0240
hetetogeneous_shard_non_iid_10_J_8_LR_0.01,152,5.0296,0.0280,4.9627,0.0302,5.0381,0.0293
hetetogeneous_shard_non_iid_10_J_8_LR_0.01,153,4.8165,0.0244,4.7885,0.0252,4.8237,0.0245
hetetogeneous_shard_non_iid_10_J_8_LR_0.01,154,5.3349,0.0138,5.1912,0.0141,5.3503,0.0141
hetetogeneous_shard_non_iid_10_J_8_LR_0.01,155,5.1166,0.0146,5.0113,0.0168,5.1162,0.0176
hetetogeneous_shard_non_iid_10_J_8_LR_0.01,156,4.6682,0.0214,4.6635,0.0221,4.6776,0.0216
hetetogeneous_shard_non_iid_10_J_8_LR_0.01,157,4.9350,0.0250,4.9234,0.0263,4.9460,0.0260
hetetogeneous_shard_non_iid_10_J_8_LR_0.01,158,5.1395,0.0272,5.0984,0.0259,5.1560,0.0257
hetetogeneous_shard_non_iid_10_J_8_LR_0.01,159,5.3936,0.0148,5.4015,0.0146,5.4149,0.0150
hetetogeneous_shard_non_iid_10_J_8_LR_0.01,160,4.7540,0.0328,4.7387,0.0327,4.7791,0.0315
hetetogeneous_shard_non_iid_10_J_8_LR_0.01,161,4.7509,0.0208,4.7396,0.0207,4.7718,0.0201
hetetogeneous_shard_non_iid_10_J_8_LR_0.01,162,4.7655,0.0306,4.7137,0.0310,4.7759,0.0275
hetetogeneous_shard_non_iid_10_J_8_LR_0.01,163,4.8882,0.0234,4.8161,0.0216,4.8847,0.0219
hetetogeneous_shard_non_iid_10_J_8_LR_0.01,164,4.9560,0.0230,4.8754,0.0210,4.9714,0.0212
hetetogeneous_shard_non_iid_10_J_8_LR_0.01,165,4.5611,0.0316,4.5519,0.0316,4.5806,0.0311
hetetogeneous_shard_non_iid_10_J_8_LR_0.01,166,4.9095,0.0202,4.8456,0.0219,4.9047,0.0224
hetetogeneous_shard_non_iid_10_J_8_LR_0.01,167,4.5424,0.0250,4.5451,0.0224,4.5603,0.0238
hetetogeneous_shard_non_iid_10_J_8_LR_0.01,168,4.8316,0.0226,4.7984,0.0240,4.8469,0.0252
hetetogeneous_shard_non_iid_10_J_8_LR_0.01,169,4.7421,0.0214,4.7249,0.0220,4.7604,0.0219
hetetogeneous_shard_non_iid_10_J_8_LR_0.01,170,4.9872,0.0182,4.9574,0.0187,4.9878,0.0194
hetetogeneous_shard_non_iid_10_J_8_LR_0.01,171,4.8307,0.0230,4.7746,0.0280,4.8478,0.0261
hetetogeneous_shard_non_iid_10_J_8_LR_0.01,172,5.0292,0.0226,4.9160,0.0223,5.0395,0.0230
hetetogeneous_shard_non_iid_10_J_8_LR_0.01,173,4.6950,0.0278,4.6611,0.0285,4.7170,0.0281
hetetogeneous_shard_non_iid_10_J_8_LR_0.01,174,4.9911,0.0268,4.8921,0.0300,5.0038,0.0276
hetetogeneous_shard_non_iid_10_J_8_LR_0.01,175,4.9627,0.0306,4.8749,0.0303,4.9728,0.0282
hetetogeneous_shard_non_iid_10_J_8_LR_0.01,176,4.9765,0.0282,4.9224,0.0293,4.9776,0.0284
hetetogeneous_shard_non_iid_10_J_8_LR_0.01,177,4.7490,0.0232,4.6998,0.0276,4.7590,0.0254
hetetogeneous_shard_non_iid_10_J_8_LR_0.01,178,5.1872,0.0206,5.1082,0.0238,5.1643,0.0219
hetetogeneous_shard_non_iid_10_J_8_LR_0.01,179,4.5675,0.0310,4.5358,0.0305,4.5722,0.0283
hetetogeneous_shard_non_iid_10_J_8_LR_0.01,180,4.8279,0.0254,4.7553,0.0285,4.8240,0.0275
hetetogeneous_shard_non_iid_10_J_8_LR_0.01,181,4.6457,0.0204,4.5971,0.0218,4.6470,0.0214
hetetogeneous_shard_non_iid_10_J_8_LR_0.01,182,5.1902,0.0200,5.1170,0.0228,5.1906,0.0215
hetetogeneous_shard_non_iid_10_J_8_LR_0.01,183,4.7234,0.0258,4.6992,0.0257,4.7169,0.0256
hetetogeneous_shard_non_iid_10_J_8_LR_0.01,184,4.9760,0.0194,4.8518,0.0213,4.9673,0.0201
hetetogeneous_shard_non_iid_10_J_8_LR_0.01,185,4.5788,0.0276,4.5475,0.0296,4.5788,0.0299
hetetogeneous_shard_non_iid_10_J_8_LR_0.01,186,4.9492,0.0232,4.8225,0.0261,4.9464,0.0218
hetetogeneous_shard_non_iid_10_J_8_LR_0.01,187,4.6754,0.0314,4.6255,0.0339,4.6815,0.0318
hetetogeneous_shard_non_iid_10_J_8_LR_0.01,188,4.4698,0.0342,4.4522,0.0322,4.4740,0.0322
hetetogeneous_shard_non_iid_10_J_8_LR_0.01,189,4.7612,0.0350,4.7409,0.0362,4.7444,0.0346
hetetogeneous_shard_non_iid_10_J_8_LR_0.01,190,4.8678,0.0218,4.7833,0.0249,4.8474,0.0246
hetetogeneous_shard_non_iid_10_J_8_LR_0.01,191,4.6907,0.0230,4.6099,0.0270,4.6660,0.0236
hetetogeneous_shard_non_iid_10_J_8_LR_0.01,192,4.8300,0.0180,4.7423,0.0218,4.7936,0.0214
hetetogeneous_shard_non_iid_10_J_8_LR_0.01,193,4.6646,0.0252,4.6221,0.0256,4.6488,0.0261
hetetogeneous_shard_non_iid_10_J_8_LR_0.01,194,4.9686,0.0328,4.9277,0.0323,4.9361,0.0309
hetetogeneous_shard_non_iid_10_J_8_LR_0.01,195,4.9431,0.0350,4.8757,0.0374,4.9030,0.0362
hetetogeneous_shard_non_iid_10_J_8_LR_0.01,196,4.7915,0.0286,4.6987,0.0366,4.7679,0.0340
hetetogeneous_shard_non_iid_10_J_8_LR_0.01,197,5.3919,0.0152,5.1473,0.0175,5.3755,0.0158
hetetogeneous_shard_non_iid_10_J_8_LR_0.01,198,4.8511,0.0282,4.8086,0.0272,4.8393,0.0294
hetetogeneous_shard_non_iid_10_J_8_LR_0.01,199,4.8400,0.0246,4.8191,0.0274,4.8458,0.0267
hetetogeneous_shard_non_iid_10_J_8_LR_0.01,200,4.9420,0.0264,4.8830,0.0320,4.9347,0.0286
hetetogeneous_shard_non_iid_10_J_8_LR_0.01,201,5.6368,0.0198,5.6378,0.0202,5.6129,0.0203
hetetogeneous_shard_non_iid_10_J_8_LR_0.01,202,4.6456,0.0190,4.6140,0.0208,4.6440,0.0193
hetetogeneous_shard_non_iid_10_J_8_LR_0.01,203,4.7357,0.0302,4.6740,0.0328,4.7438,0.0309
hetetogeneous_shard_non_iid_10_J_8_LR_0.01,204,4.9722,0.0286,4.8195,0.0303,4.9497,0.0300
hetetogeneous_shard_non_iid_10_J_8_LR_0.01,205,4.7378,0.0250,4.6767,0.0240,4.7242,0.0252
hetetogeneous_shard_non_iid_10_J_8_LR_0.01,206,4.8513,0.0222,4.7406,0.0247,4.8248,0.0250
hetetogeneous_shard_non_iid_10_J_8_LR_0.01,207,5.2342,0.0200,5.0838,0.0223,5.1946,0.0220
hetetogeneous_shard_non_iid_10_J_8_LR_0.01,208,4.7273,0.0232,4.6539,0.0276,4.7186,0.0239
hetetogeneous_shard_non_iid_10_J_8_LR_0.01,209,4.8540,0.0272,4.7449,0.0294,4.8607,0.0284
hetetogeneous_shard_non_iid_10_J_8_LR_0.01,210,4.8060,0.0244,4.7110,0.0282,4.7829,0.0276
hetetogeneous_shard_non_iid_10_J_8_LR_0.01,211,5.0808,0.0204,4.9912,0.0239,5.0655,0.0194
hetetogeneous_shard_non_iid_10_J_8_LR_0.01,212,4.7113,0.0324,4.7293,0.0267,4.7242,0.0270
hetetogeneous_shard_non_iid_10_J_8_LR_0.01,213,4.6569,0.0370,4.5901,0.0409,4.6508,0.0379
hetetogeneous_shard_non_iid_10_J_8_LR_0.01,214,5.0562,0.0256,4.9707,0.0303,5.0337,0.0292
hetetogeneous_shard_non_iid_10_J_8_LR_0.01,215,4.7272,0.0234,4.6362,0.0269,4.6974,0.0258
hetetogeneous_shard_non_iid_10_J_8_LR_0.01,216,5.0061,0.0274,4.8580,0.0298,4.9864,0.0254
hetetogeneous_shard_non_iid_10_J_8_LR_0.01,217,4.6630,0.0252,4.6580,0.0246,4.6538,0.0227
hetetogeneous_shard_non_iid_10_J_8_LR_0.01,218,4.7337,0.0344,4.6766,0.0390,4.7121,0.0376
hetetogeneous_shard_non_iid_10_J_8_LR_0.01,219,4.8298,0.0240,4.8214,0.0256,4.8303,0.0260
hetetogeneous_shard_non_iid_10_J_8_LR_0.01,220,5.0392,0.0254,4.9363,0.0221,5.0352,0.0238
hetetogeneous_shard_non_iid_10_J_8_LR_0.01,221,5.1390,0.0274,5.0588,0.0294,5.1308,0.0280
hetetogeneous_shard_non_iid_10_J_8_LR_0.01,222,4.6619,0.0428,4.6521,0.0415,4.6628,0.0400
hetetogeneous_shard_non_iid_10_J_8_LR_0.01,223,5.0038,0.0378,4.9629,0.0393,4.9829,0.0368
hetetogeneous_shard_non_iid_10_J_8_LR_0.01,224,4.9206,0.0200,4.8336,0.0246,4.9128,0.0232
hetetogeneous_shard_non_iid_10_J_8_LR_0.01,225,4.5181,0.0336,4.5024,0.0348,4.5231,0.0313
hetetogeneous_shard_non_iid_10_J_8_LR_0.01,226,5.1658,0.0250,5.0762,0.0284,5.1791,0.0252
hetetogeneous_shard_non_iid_10_J_8_LR_0.01,227,5.0830,0.0304,4.9967,0.0353,5.0844,0.0318
hetetogeneous_shard_non_iid_10_J_8_LR_0.01,228,4.6168,0.0340,4.6375,0.0371,4.6324,0.0363
hetetogeneous_shard_non_iid_10_J_8_LR_0.01,229,5.5436,0.0268,5.4439,0.0296,5.5085,0.0282
hetetogeneous_shard_non_iid_10_J_8_LR_0.01,230,4.3800,0.0462,4.3800,0.0470,4.3962,0.0420
hetetogeneous_shard_non_iid_10_J_8_LR_0.01,231,4.8388,0.0268,4.7903,0.0253,4.8581,0.0250
hetetogeneous_shard_non_iid_10_J_8_LR_0.01,232,4.7604,0.0256,4.6956,0.0282,4.7764,0.0232
hetetogeneous_shard_non_iid_10_J_8_LR_0.01,233,4.7362,0.0320,4.6834,0.0324,4.7525,0.0313
hetetogeneous_shard_non_iid_10_J_8_LR_0.01,234,4.5301,0.0290,4.5020,0.0312,4.5414,0.0300
hetetogeneous_shard_non_iid_10_J_8_LR_0.01,235,4.6038,0.0348,4.6276,0.0311,4.6208,0.0291
hetetogeneous_shard_non_iid_10_J_8_LR_0.01,236,4.7126,0.0318,4.6726,0.0293,4.7324,0.0310
hetetogeneous_shard_non_iid_10_J_8_LR_0.01,237,4.7299,0.0228,4.6862,0.0245,4.7468,0.0237
hetetogeneous_shard_non_iid_10_J_8_LR_0.01,238,4.7032,0.0336,4.6758,0.0307,4.7208,0.0303
hetetogeneous_shard_non_iid_10_J_8_LR_0.01,239,5.0345,0.0230,4.9809,0.0287,5.0383,0.0272
hetetogeneous_shard_non_iid_10_J_8_LR_0.01,240,4.5704,0.0250,4.5510,0.0240,4.5873,0.0226
hetetogeneous_shard_non_iid_10_J_8_LR_0.01,241,4.6702,0.0288,4.6279,0.0331,4.6819,0.0310
hetetogeneous_shard_non_iid_10_J_8_LR_0.01,242,4.5957,0.0362,4.5943,0.0377,4.6168,0.0353
hetetogeneous_shard_non_iid_10_J_8_LR_0.01,243,5.0642,0.0238,5.0034,0.0237,5.0759,0.0219
hetetogeneous_shard_non_iid_10_J_8_LR_0.01,244,4.5725,0.0272,4.5594,0.0295,4.5830,0.0292
hetetogeneous_shard_non_iid_10_J_8_LR_0.01,245,5.1614,0.0162,4.9677,0.0202,5.1718,0.0186
hetetogeneous_shard_non_iid_10_J_8_LR_0.01,246,4.6808,0.0320,4.6302,0.0342,4.6891,0.0327
hetetogeneous_shard_non_iid_10_J_8_LR_0.01,247,4.5930,0.0408,4.5602,0.0423,4.5974,0.0417
hetetogeneous_shard_non_iid_10_J_8_LR_0.01,248,4.6728,0.0382,4.6250,0.0483,4.6530,0.0452
hetetogeneous_shard_non_iid_10_J_8_LR_0.01,249,4.6268,0.0190,4.6280,0.0220,4.6516,0.0201
hetetogeneous_shard_non_iid_10_J_8_LR_0.01,250,4.9113,0.0196,4.8596,0.0243,4.9008,0.0241
hetetogeneous_shard_non_iid_10_J_8_LR_0.01,251,4.5513,0.0358,4.5042,0.0389,4.5563,0.0376
hetetogeneous_shard_non_iid_10_J_8_LR_0.01,252,5.3443,0.0228,5.2521,0.0249,5.3469,0.0235
hetetogeneous_shard_non_iid_10_J_8_LR_0.01,253,4.4824,0.0408,4.4541,0.0413,4.4996,0.0397
hetetogeneous_shard_non_iid_10_J_8_LR_0.01,254,4.7158,0.0412,4.6810,0.0412,4.7372,0.0410
hetetogeneous_shard_non_iid_10_J_8_LR_0.01,255,4.4198,0.0430,4.4029,0.0429,4.4479,0.0401
hetetogeneous_shard_non_iid_10_J_8_LR_0.01,256,4.7101,0.0400,4.6715,0.0411,4.7382,0.0384
hetetogeneous_shard_non_iid_10_J_8_LR_0.01,257,4.5883,0.0382,4.5910,0.0392,4.6161,0.0368
hetetogeneous_shard_non_iid_10_J_8_LR_0.01,258,4.7142,0.0354,4.6370,0.0401,4.7150,0.0359
hetetogeneous_shard_non_iid_10_J_8_LR_0.01,259,4.5457,0.0256,4.4930,0.0304,4.5404,0.0296
hetetogeneous_shard_non_iid_10_J_8_LR_0.01,260,4.5360,0.0362,4.4929,0.0352,4.5362,0.0360
hetetogeneous_shard_non_iid_10_J_8_LR_0.01,261,4.8595,0.0298,4.7972,0.0310,4.8523,0.0299
hetetogeneous_shard_non_iid_10_J_8_LR_0.01,262,5.4650,0.0230,5.5107,0.0244,5.4593,0.0233
hetetogeneous_shard_non_iid_10_J_8_LR_0.01,263,4.4099,0.0380,4.3570,0.0445,4.3932,0.0418
hetetogeneous_shard_non_iid_10_J_8_LR_0.01,264,4.4391,0.0336,4.4000,0.0364,4.4471,0.0364
hetetogeneous_shard_non_iid_10_J_8_LR_0.01,265,4.7236,0.0286,4.6244,0.0325,4.7229,0.0313
hetetogeneous_shard_non_iid_10_J_8_LR_0.01,266,5.0024,0.0198,4.9692,0.0235,4.9942,0.0214
hetetogeneous_shard_non_iid_10_J_8_LR_0.01,267,4.6111,0.0302,4.5915,0.0314,4.6200,0.0295
hetetogeneous_shard_non_iid_10_J_8_LR_0.01,268,5.5607,0.0236,5.1097,0.0288,5.5228,0.0254
hetetogeneous_shard_non_iid_10_J_8_LR_0.01,269,4.7898,0.0274,4.7267,0.0258,4.7849,0.0273
hetetogeneous_shard_non_iid_10_J_8_LR_0.01,270,4.7023,0.0244,4.6337,0.0260,4.7014,0.0252
hetetogeneous_shard_non_iid_10_J_8_LR_0.01,271,5.0300,0.0202,4.8812,0.0199,5.0272,0.0191
hetetogeneous_shard_non_iid_10_J_8_LR_0.01,272,4.7881,0.0294,4.7301,0.0319,4.7882,0.0320
hetetogeneous_shard_non_iid_10_J_8_LR_0.01,273,5.2433,0.0246,5.1690,0.0256,5.2742,0.0241
hetetogeneous_shard_non_iid_10_J_8_LR_0.01,274,4.5788,0.0298,4.5216,0.0335,4.5749,0.0320
hetetogeneous_shard_non_iid_10_J_8_LR_0.01,275,6.3109,0.0136,6.1466,0.0182,6.2545,0.0170
hetetogeneous_shard_non_iid_10_J_8_LR_0.01,276,4.5388,0.0176,4.5450,0.0187,4.5482,0.0195
hetetogeneous_shard_non_iid_10_J_8_LR_0.01,277,4.7795,0.0242,4.6815,0.0278,4.7816,0.0250
hetetogeneous_shard_non_iid_10_J_8_LR_0.01,278,4.4457,0.0428,4.4516,0.0458,4.4891,0.0420
hetetogeneous_shard_non_iid_10_J_8_LR_0.01,279,4.5919,0.0386,4.5795,0.0361,4.6291,0.0379
hetetogeneous_shard_non_iid_10_J_8_LR_0.01,280,4.7272,0.0340,4.7128,0.0363,4.7519,0.0367
hetetogeneous_shard_non_iid_10_J_8_LR_0.01,281,4.5346,0.0440,4.5234,0.0480,4.5529,0.0470
hetetogeneous_shard_non_iid_10_J_8_LR_0.01,282,4.5734,0.0438,4.5516,0.0437,4.5988,0.0434
hetetogeneous_shard_non_iid_10_J_8_LR_0.01,283,4.4906,0.0376,4.4521,0.0429,4.4836,0.0383
hetetogeneous_shard_non_iid_10_J_8_LR_0.01,284,4.6245,0.0342,4.5883,0.0353,4.6306,0.0336
hetetogeneous_shard_non_iid_10_J_8_LR_0.01,285,4.6303,0.0322,4.5657,0.0351,4.6446,0.0324
hetetogeneous_shard_non_iid_10_J_8_LR_0.01,286,4.5640,0.0374,4.5234,0.0379,4.5679,0.0385
hetetogeneous_shard_non_iid_10_J_8_LR_0.01,287,4.4745,0.0430,4.4205,0.0498,4.4747,0.0441
hetetogeneous_shard_non_iid_10_J_8_LR_0.01,288,4.3935,0.0490,4.3730,0.0540,4.3997,0.0506
hetetogeneous_shard_non_iid_10_J_8_LR_0.01,289,4.5301,0.0350,4.4878,0.0358,4.5329,0.0340
hetetogeneous_shard_non_iid_10_J_8_LR_0.01,290,4.8299,0.0392,4.7162,0.0413,4.8047,0.0387
hetetogeneous_shard_non_iid_10_J_8_LR_0.01,291,5.0178,0.0314,4.9408,0.0309,5.0227,0.0310
hetetogeneous_shard_non_iid_10_J_8_LR_0.01,292,4.5981,0.0390,4.6464,0.0396,4.6217,0.0378
hetetogeneous_shard_non_iid_10_J_8_LR_0.01,293,4.8813,0.0350,4.8211,0.0380,4.8977,0.0368
hetetogeneous_shard_non_iid_10_J_8_LR_0.01,294,4.7424,0.0404,4.6859,0.0425,4.7520,0.0375
hetetogeneous_shard_non_iid_10_J_8_LR_0.01,295,4.5238,0.0400,4.4702,0.0446,4.5276,0.0412
hetetogeneous_shard_non_iid_10_J_8_LR_0.01,296,4.6644,0.0362,4.5814,0.0384,4.6749,0.0377
hetetogeneous_shard_non_iid_10_J_8_LR_0.01,297,4.4236,0.0402,4.4165,0.0405,4.4491,0.0410
hetetogeneous_shard_non_iid_10_J_8_LR_0.01,298,4.7826,0.0304,4.8344,0.0287,4.8218,0.0294
hetetogeneous_shard_non_iid_10_J_8_LR_0.01,299,4.7967,0.0316,4.6887,0.0341,4.8161,0.0331
hetetogeneous_shard_non_iid_10_J_8_LR_0.01,300,4.3640,0.0382,4.3649,0.0389,4.3799,0.0408
hetetogeneous_shard_non_iid_10_J_8_LR_0.01,301,4.7642,0.0244,4.7026,0.0275,4.7772,0.0262
hetetogeneous_shard_non_iid_10_J_8_LR_0.01,302,4.3236,0.0412,4.3258,0.0419,4.3416,0.0421
hetetogeneous_shard_non_iid_10_J_8_LR_0.01,303,4.7295,0.0380,4.5518,0.0469,4.7221,0.0391
hetetogeneous_shard_non_iid_10_J_8_LR_0.01,304,4.3662,0.0460,4.3640,0.0460,4.4122,0.0424
hetetogeneous_shard_non_iid_10_J_8_LR_0.01,305,4.5897,0.0356,4.5977,0.0362,4.6149,0.0360
hetetogeneous_shard_non_iid_10_J_8_LR_0.01,306,4.8889,0.0440,4.8804,0.0472,4.9188,0.0459
hetetogeneous_shard_non_iid_10_J_8_LR_0.01,307,4.4521,0.0408,4.3910,0.0444,4.4516,0.0417
hetetogeneous_shard_non_iid_10_J_8_LR_0.01,308,4.5515,0.0396,4.5553,0.0407,4.5488,0.0409
hetetogeneous_shard_non_iid_10_J_8_LR_0.01,309,4.6485,0.0450,4.5743,0.0478,4.6479,0.0444
hetetogeneous_shard_non_iid_10_J_8_LR_0.01,310,4.6367,0.0282,4.6356,0.0319,4.6517,0.0286
hetetogeneous_shard_non_iid_10_J_8_LR_0.01,311,4.5807,0.0324,4.5688,0.0348,4.6058,0.0316
hetetogeneous_shard_non_iid_10_J_8_LR_0.01,312,4.5470,0.0360,4.5003,0.0367,4.5415,0.0350
hetetogeneous_shard_non_iid_10_J_8_LR_0.01,313,4.4515,0.0450,4.4270,0.0403,4.4608,0.0385
hetetogeneous_shard_non_iid_10_J_8_LR_0.01,314,4.8535,0.0402,4.7681,0.0447,4.8595,0.0391
hetetogeneous_shard_non_iid_10_J_8_LR_0.01,315,4.7898,0.0300,4.7495,0.0308,4.7980,0.0308
hetetogeneous_shard_non_iid_10_J_8_LR_0.01,316,4.6217,0.0276,4.6043,0.0290,4.6303,0.0284
hetetogeneous_shard_non_iid_10_J_8_LR_0.01,317,4.6044,0.0366,4.5964,0.0372,4.6432,0.0339
hetetogeneous_shard_non_iid_10_J_8_LR_0.01,318,4.4218,0.0410,4.4140,0.0451,4.4445,0.0448
hetetogeneous_shard_non_iid_10_J_8_LR_0.01,319,4.4702,0.0410,4.4836,0.0405,4.5041,0.0376
hetetogeneous_shard_non_iid_10_J_8_LR_0.01,320,4.6274,0.0406,4.5943,0.0401,4.6586,0.0368
hetetogeneous_shard_non_iid_10_J_8_LR_0.01,321,4.7831,0.0244,4.6705,0.0308,4.7969,0.0268
hetetogeneous_shard_non_iid_10_J_8_LR_0.01,322,4.5938,0.0432,4.5474,0.0459,4.6162,0.0432
hetetogeneous_shard_non_iid_10_J_8_LR_0.01,323,4.5452,0.0376,4.5036,0.0374,4.5763,0.0337
hetetogeneous_shard_non_iid_10_J_8_LR_0.01,324,4.6125,0.0292,4.5579,0.0288,4.6229,0.0294
hetetogeneous_shard_non_iid_10_J_8_LR_0.01,325,4.3363,0.0438,4.3281,0.0442,4.3708,0.0443
hetetogeneous_shard_non_iid_10_J_8_LR_0.01,326,4.6880,0.0336,4.6341,0.0361,4.6904,0.0372
hetetogeneous_shard_non_iid_10_J_8_LR_0.01,327,5.0450,0.0410,4.8409,0.0446,5.0495,0.0407
hetetogeneous_shard_non_iid_10_J_8_LR_0.01,328,4.5295,0.0346,4.4893,0.0379,4.5520,0.0323
hetetogeneous_shard_non_iid_10_J_8_LR_0.01,329,4.6328,0.0344,4.5918,0.0359,4.6526,0.0338
hetetogeneous_shard_non_iid_10_J_8_LR_0.01,330,4.5641,0.0294,4.5432,0.0337,4.5801,0.0326
hetetogeneous_shard_non_iid_10_J_8_LR_0.01,331,4.6277,0.0372,4.5255,0.0437,4.6491,0.0370
hetetogeneous_shard_non_iid_10_J_8_LR_0.01,332,4.6478,0.0276,4.6169,0.0276,4.6552,0.0268
hetetogeneous_shard_non_iid_10_J_8_LR_0.01,333,4.8480,0.0406,4.7609,0.0427,4.8341,0.0392
hetetogeneous_shard_non_iid_10_J_8_LR_0.01,334,4.5062,0.0412,4.4875,0.0432,4.5192,0.0383
hetetogeneous_shard_non_iid_10_J_8_LR_0.01,335,4.7081,0.0418,4.6455,0.0440,4.7138,0.0417
hetetogeneous_shard_non_iid_10_J_8_LR_0.01,336,4.6097,0.0484,4.5824,0.0509,4.6290,0.0489
hetetogeneous_shard_non_iid_10_J_8_LR_0.01,337,4.4218,0.0442,4.3976,0.0465,4.4482,0.0450
hetetogeneous_shard_non_iid_10_J_8_LR_0.01,338,4.8617,0.0424,4.7583,0.0460,4.8786,0.0458
hetetogeneous_shard_non_iid_10_J_8_LR_0.01,339,4.4634,0.0316,4.4936,0.0310,4.4888,0.0293
hetetogeneous_shard_non_iid_10_J_8_LR_0.01,340,4.3681,0.0450,4.3698,0.0463,4.3925,0.0441
hetetogeneous_shard_non_iid_10_J_8_LR_0.01,341,4.7052,0.0364,4.6336,0.0367,4.7243,0.0354
hetetogeneous_shard_non_iid_10_J_8_LR_0.01,342,4.8811,0.0384,4.8214,0.0436,4.8790,0.0424
hetetogeneous_shard_non_iid_10_J_8_LR_0.01,343,4.4256,0.0430,4.3761,0.0499,4.4287,0.0448
hetetogeneous_shard_non_iid_10_J_8_LR_0.01,344,4.6189,0.0340,4.5324,0.0385,4.6326,0.0342
hetetogeneous_shard_non_iid_10_J_8_LR_0.01,345,4.3989,0.0468,4.3458,0.0467,4.4249,0.0409
hetetogeneous_shard_non_iid_10_J_8_LR_0.01,346,4.2818,0.0526,4.2499,0.0533,4.2867,0.0505
hetetogeneous_shard_non_iid_10_J_8_LR_0.01,347,4.3818,0.0556,4.3714,0.0545,4.4106,0.0545
hetetogeneous_shard_non_iid_10_J_8_LR_0.01,348,4.4059,0.0370,4.3739,0.0418,4.3997,0.0405
hetetogeneous_shard_non_iid_10_J_8_LR_0.01,349,5.0511,0.0314,4.9175,0.0374,5.0413,0.0357
hetetogeneous_shard_non_iid_10_J_8_LR_0.01,350,4.5356,0.0338,4.5090,0.0380,4.5594,0.0339
hetetogeneous_shard_non_iid_10_J_8_LR_0.01,351,4.5570,0.0428,4.4901,0.0435,4.5648,0.0438
hetetogeneous_shard_non_iid_10_J_8_LR_0.01,352,4.4058,0.0470,4.3607,0.0472,4.4074,0.0459
hetetogeneous_shard_non_iid_10_J_8_LR_0.01,353,4.7960,0.0356,4.6951,0.0359,4.7887,0.0351
hetetogeneous_shard_non_iid_10_J_8_LR_0.01,354,4.4189,0.0496,4.3504,0.0556,4.4181,0.0542
hetetogeneous_shard_non_iid_10_J_8_LR_0.01,355,4.6512,0.0388,4.5827,0.0430,4.6332,0.0399
hetetogeneous_shard_non_iid_10_J_8_LR_0.01,356,4.6511,0.0364,4.5986,0.0372,4.6600,0.0382
hetetogeneous_shard_non_iid_10_J_8_LR_0.01,357,4.4810,0.0390,4.3712,0.0463,4.4756,0.0413
hetetogeneous_shard_non_iid_10_J_8_LR_0.01,358,4.8747,0.0392,4.6940,0.0456,4.8818,0.0384
hetetogeneous_shard_non_iid_10_J_8_LR_0.01,359,4.4430,0.0310,4.4147,0.0349,4.4666,0.0327
hetetogeneous_shard_non_iid_10_J_8_LR_0.01,360,4.5394,0.0390,4.5369,0.0398,4.5764,0.0367
hetetogeneous_shard_non_iid_10_J_8_LR_0.01,361,4.7079,0.0488,4.6617,0.0552,4.7383,0.0508
hetetogeneous_shard_non_iid_10_J_8_LR_0.01,362,4.4528,0.0372,4.4517,0.0357,4.4989,0.0336
hetetogeneous_shard_non_iid_10_J_8_LR_0.01,363,4.8935,0.0404,4.7876,0.0481,4.9197,0.0419
hetetogeneous_shard_non_iid_10_J_8_LR_0.01,364,4.5516,0.0336,4.5031,0.0343,4.5734,0.0326
hetetogeneous_shard_non_iid_10_J_8_LR_0.01,365,4.4517,0.0420,4.4603,0.0470,4.4628,0.0439
hetetogeneous_shard_non_iid_10_J_8_LR_0.01,366,4.2952,0.0432,4.2656,0.0457,4.3027,0.0421
hetetogeneous_shard_non_iid_10_J_8_LR_0.01,367,4.3456,0.0464,4.3451,0.0455,4.3785,0.0431
hetetogeneous_shard_non_iid_10_J_8_LR_0.01,368,4.4154,0.0394,4.4023,0.0409,4.4436,0.0386
hetetogeneous_shard_non_iid_10_J_8_LR_0.01,369,4.5331,0.0342,4.5115,0.0362,4.5568,0.0332
hetetogeneous_shard_non_iid_10_J_8_LR_0.01,370,5.1822,0.0310,5.1168,0.0354,5.1859,0.0356
hetetogeneous_shard_non_iid_10_J_8_LR_0.01,371,4.5803,0.0400,4.5563,0.0419,4.5994,0.0392
hetetogeneous_shard_non_iid_10_J_8_LR_0.01,372,4.6763,0.0324,4.6533,0.0340,4.7068,0.0301
hetetogeneous_shard_non_iid_10_J_8_LR_0.01,373,4.9732,0.0316,4.9600,0.0344,5.0010,0.0333
hetetogeneous_shard_non_iid_10_J_8_LR_0.01,374,4.4092,0.0376,4.3714,0.0451,4.4187,0.0410
hetetogeneous_shard_non_iid_10_J_8_LR_0.01,375,4.6954,0.0430,4.6364,0.0424,4.7018,0.0410
hetetogeneous_shard_non_iid_10_J_8_LR_0.01,376,4.7309,0.0378,4.6693,0.0454,4.7509,0.0381
hetetogeneous_shard_non_iid_10_J_8_LR_0.01,377,4.4418,0.0434,4.4039,0.0450,4.4694,0.0420
hetetogeneous_shard_non_iid_10_J_8_LR_0.01,378,4.7892,0.0328,4.6802,0.0349,4.8048,0.0316
hetetogeneous_shard_non_iid_10_J_8_LR_0.01,379,4.4896,0.0456,4.4451,0.0464,4.5237,0.0431
hetetogeneous_shard_non_iid_10_J_8_LR_0.01,380,4.4900,0.0350,4.5166,0.0373,4.5067,0.0348
hetetogeneous_shard_non_iid_10_J_8_LR_0.01,381,4.8785,0.0336,4.7551,0.0358,4.9005,0.0322
hetetogeneous_shard_non_iid_10_J_8_LR_0.01,382,4.3972,0.0466,4.3439,0.0495,4.3916,0.0494
hetetogeneous_shard_non_iid_10_J_8_LR_0.01,383,4.6804,0.0276,4.6153,0.0276,4.6499,0.0298
hetetogeneous_shard_non_iid_10_J_8_LR_0.01,384,4.3656,0.0486,4.3504,0.0500,4.3816,0.0492
hetetogeneous_shard_non_iid_10_J_8_LR_0.01,385,4.6420,0.0394,4.5915,0.0407,4.6407,0.0397
hetetogeneous_shard_non_iid_10_J_8_LR_0.01,386,4.5388,0.0344,4.5196,0.0397,4.5268,0.0383
hetetogeneous_shard_non_iid_10_J_8_LR_0.01,387,4.5852,0.0452,4.5130,0.0466,4.6003,0.0459
hetetogeneous_shard_non_iid_10_J_8_LR_0.01,388,4.6478,0.0344,4.6542,0.0363,4.6701,0.0368
hetetogeneous_shard_non_iid_10_J_8_LR_0.01,389,4.9968,0.0360,4.8584,0.0424,5.0135,0.0375
hetetogeneous_shard_non_iid_10_J_8_LR_0.01,390,4.4884,0.0458,4.4145,0.0506,4.4831,0.0491
hetetogeneous_shard_non_iid_10_J_8_LR_0.01,391,4.5170,0.0260,4.5078,0.0270,4.5206,0.0282
hetetogeneous_shard_non_iid_10_J_8_LR_0.01,392,4.4870,0.0476,4.3986,0.0531,4.4745,0.0470
hetetogeneous_shard_non_iid_10_J_8_LR_0.01,393,4.5117,0.0472,4.4599,0.0518,4.5014,0.0477
hetetogeneous_shard_non_iid_10_J_8_LR_0.01,394,4.5737,0.0492,4.5376,0.0522,4.5530,0.0509
hetetogeneous_shard_non_iid_10_J_8_LR_0.01,395,4.7583,0.0410,4.5886,0.0482,4.7396,0.0444
hetetogeneous_shard_non_iid_10_J_8_LR_0.01,396,4.2404,0.0528,4.1910,0.0640,4.2419,0.0539
hetetogeneous_shard_non_iid_10_J_8_LR_0.01,397,4.5983,0.0418,4.5191,0.0466,4.5866,0.0449
hetetogeneous_shard_non_iid_10_J_8_LR_0.01,398,4.2526,0.0556,4.2162,0.0652,4.2570,0.0578
hetetogeneous_shard_non_iid_10_J_8_LR_0.01,399,4.4237,0.0540,4.3834,0.0606,4.4024,0.0563
hetetogeneous_shard_non_iid_10_J_8_LR_0.01,400,4.3240,0.0478,4.2762,0.0545,4.3256,0.0462
hetetogeneous_shard_non_iid_10_J_8_LR_0.01,401,4.5968,0.0408,4.4726,0.0461,4.5948,0.0401
hetetogeneous_shard_non_iid_10_J_8_LR_0.01,402,4.4927,0.0536,4.4319,0.0571,4.4989,0.0548
hetetogeneous_shard_non_iid_10_J_8_LR_0.01,403,4.5402,0.0590,4.4297,0.0652,4.5342,0.0594
hetetogeneous_shard_non_iid_10_J_8_LR_0.01,404,4.4093,0.0518,4.3744,0.0534,4.4164,0.0510
hetetogeneous_shard_non_iid_10_J_8_LR_0.01,405,4.4378,0.0494,4.3983,0.0563,4.4193,0.0544
hetetogeneous_shard_non_iid_10_J_8_LR_0.01,406,4.4927,0.0424,4.4847,0.0498,4.4885,0.0489
hetetogeneous_shard_non_iid_10_J_8_LR_0.01,407,4.7553,0.0318,4.6606,0.0349,4.7400,0.0309
hetetogeneous_shard_non_iid_10_J_8_LR_0.01,408,4.4356,0.0472,4.4357,0.0502,4.4495,0.0448
hetetogeneous_shard_non_iid_10_J_8_LR_0.01,409,4.3733,0.0456,4.3491,0.0501,4.3850,0.0474
hetetogeneous_shard_non_iid_10_J_8_LR_0.01,410,4.8544,0.0378,4.7372,0.0418,4.8588,0.0400
hetetogeneous_shard_non_iid_10_J_8_LR_0.01,411,4.3209,0.0540,4.2938,0.0572,4.3204,0.0571
hetetogeneous_shard_non_iid_10_J_8_LR_0.01,412,4.6330,0.0432,4.5792,0.0491,4.6394,0.0456
hetetogeneous_shard_non_iid_10_J_8_LR_0.01,413,4.4200,0.0536,4.3944,0.0526,4.4488,0.0504
hetetogeneous_shard_non_iid_10_J_8_LR_0.01,414,4.4852,0.0520,4.3952,0.0583,4.4965,0.0534
hetetogeneous_shard_non_iid_10_J_8_LR_0.01,415,4.3318,0.0598,4.2925,0.0580,4.3399,0.0560
hetetogeneous_shard_non_iid_10_J_8_LR_0.01,416,4.6535,0.0480,4.5668,0.0455,4.6748,0.0417
hetetogeneous_shard_non_iid_10_J_8_LR_0.01,417,4.8019,0.0282,4.7024,0.0317,4.8134,0.0292
hetetogeneous_shard_non_iid_10_J_8_LR_0.01,418,4.9162,0.0434,4.8973,0.0441,4.9438,0.0406
hetetogeneous_shard_non_iid_10_J_8_LR_0.01,419,4.8479,0.0444,4.6990,0.0455,4.8635,0.0427
hetetogeneous_shard_non_iid_10_J_8_LR_0.01,420,4.2431,0.0492,4.2134,0.0520,4.2507,0.0503
hetetogeneous_shard_non_iid_10_J_8_LR_0.01,421,4.3002,0.0572,4.2832,0.0497,4.3173,0.0487
hetetogeneous_shard_non_iid_10_J_8_LR_0.01,422,4.4220,0.0406,4.3753,0.0403,4.4145,0.0379
hetetogeneous_shard_non_iid_10_J_8_LR_0.01,423,4.4428,0.0474,4.3604,0.0489,4.4517,0.0445
hetetogeneous_shard_non_iid_10_J_8_LR_0.01,424,4.2893,0.0388,4.2717,0.0438,4.3120,0.0404
hetetogeneous_shard_non_iid_10_J_8_LR_0.01,425,4.5231,0.0440,4.5149,0.0447,4.5344,0.0449
hetetogeneous_shard_non_iid_10_J_8_LR_0.01,426,4.3238,0.0458,4.3119,0.0481,4.3492,0.0439
hetetogeneous_shard_non_iid_10_J_8_LR_0.01,427,4.6053,0.0382,4.4998,0.0392,4.6114,0.0384
hetetogeneous_shard_non_iid_10_J_8_LR_0.01,428,4.5325,0.0338,4.4637,0.0388,4.5490,0.0335
hetetogeneous_shard_non_iid_10_J_8_LR_0.01,429,4.4644,0.0464,4.4065,0.0496,4.4889,0.0463
hetetogeneous_shard_non_iid_10_J_8_LR_0.01,430,5.0809,0.0362,5.0381,0.0347,5.1083,0.0348
hetetogeneous_shard_non_iid_10_J_8_LR_0.01,431,4.5947,0.0442,4.6118,0.0466,4.6265,0.0421
hetetogeneous_shard_non_iid_10_J_8_LR_0.01,432,4.6192,0.0496,4.5489,0.0514,4.6172,0.0515
hetetogeneous_shard_non_iid_10_J_8_LR_0.01,433,4.6770,0.0358,4.6055,0.0406,4.6964,0.0372
hetetogeneous_shard_non_iid_10_J_8_LR_0.01,434,4.4220,0.0490,4.3662,0.0569,4.4140,0.0520
hetetogeneous_shard_non_iid_10_J_8_LR_0.01,435,4.6383,0.0480,4.4919,0.0530,4.6151,0.0471
hetetogeneous_shard_non_iid_10_J_8_LR_0.01,436,4.2718,0.0640,4.2109,0.0640,4.2902,0.0591
hetetogeneous_shard_non_iid_10_J_8_LR_0.01,437,4.4827,0.0566,4.3822,0.0603,4.5043,0.0561
hetetogeneous_shard_non_iid_10_J_8_LR_0.01,438,4.4097,0.0580,4.3242,0.0623,4.4146,0.0580
hetetogeneous_shard_non_iid_10_J_8_LR_0.01,439,4.5769,0.0486,4.4901,0.0574,4.5618,0.0508
hetetogeneous_shard_non_iid_10_J_8_LR_0.01,440,4.5734,0.0354,4.5406,0.0401,4.5562,0.0388
hetetogeneous_shard_non_iid_10_J_8_LR_0.01,441,4.6316,0.0296,4.5706,0.0332,4.6179,0.0331
hetetogeneous_shard_non_iid_10_J_8_LR_0.01,442,4.5979,0.0494,4.4946,0.0559,4.6163,0.0505
hetetogeneous_shard_non_iid_10_J_8_LR_0.01,443,4.4234,0.0450,4.3596,0.0492,4.4406,0.0438
hetetogeneous_shard_non_iid_10_J_8_LR_0.01,444,4.6641,0.0364,4.5135,0.0401,4.6878,0.0349
hetetogeneous_shard_non_iid_10_J_8_LR_0.01,445,4.3581,0.0394,4.3264,0.0387,4.3789,0.0361
hetetogeneous_shard_non_iid_10_J_8_LR_0.01,446,4.4421,0.0554,4.4018,0.0553,4.4561,0.0542
hetetogeneous_shard_non_iid_10_J_8_LR_0.01,447,4.4205,0.0336,4.3389,0.0340,4.4272,0.0336
hetetogeneous_shard_non_iid_10_J_8_LR_0.01,448,4.8621,0.0358,4.8094,0.0415,4.8646,0.0404
hetetogeneous_shard_non_iid_10_J_8_LR_0.01,449,4.3755,0.0550,4.3055,0.0570,4.3815,0.0541
hetetogeneous_shard_non_iid_10_J_8_LR_0.01,450,4.2834,0.0692,4.2568,0.0671,4.2987,0.0640
hetetogeneous_shard_non_iid_10_J_8_LR_0.01,451,4.8876,0.0384,4.8749,0.0468,4.9049,0.0426
hetetogeneous_shard_non_iid_10_J_8_LR_0.01,452,4.2161,0.0564,4.1353,0.0631,4.2146,0.0580
hetetogeneous_shard_non_iid_10_J_8_LR_0.01,453,4.4300,0.0456,4.3644,0.0508,4.4296,0.0440
hetetogeneous_shard_non_iid_10_J_8_LR_0.01,454,4.8658,0.0454,4.6944,0.0474,4.8840,0.0442
hetetogeneous_shard_non_iid_10_J_8_LR_0.01,455,4.4920,0.0348,4.4591,0.0436,4.5017,0.0382
hetetogeneous_shard_non_iid_10_J_8_LR_0.01,456,4.6452,0.0416,4.5683,0.0437,4.6263,0.0409
hetetogeneous_shard_non_iid_10_J_8_LR_0.01,457,4.8211,0.0386,4.7920,0.0464,4.8353,0.0405
hetetogeneous_shard_non_iid_10_J_8_LR_0.01,458,4.5799,0.0458,4.4774,0.0490,4.5964,0.0476
hetetogeneous_shard_non_iid_10_J_8_LR_0.01,459,4.3715,0.0476,4.3132,0.0538,4.3696,0.0495
hetetogeneous_shard_non_iid_10_J_8_LR_0.01,460,4.7312,0.0372,4.6642,0.0419,4.7232,0.0376
hetetogeneous_shard_non_iid_10_J_8_LR_0.01,461,4.8202,0.0378,4.7695,0.0443,4.8150,0.0430
hetetogeneous_shard_non_iid_10_J_8_LR_0.01,462,4.3443,0.0400,4.2858,0.0457,4.3441,0.0428
hetetogeneous_shard_non_iid_10_J_8_LR_0.01,463,4.2970,0.0576,4.2338,0.0582,4.3248,0.0532
hetetogeneous_shard_non_iid_10_J_8_LR_0.01,464,4.8209,0.0412,4.6665,0.0488,4.8255,0.0438
hetetogeneous_shard_non_iid_10_J_8_LR_0.01,465,4.3539,0.0466,4.3371,0.0513,4.3627,0.0461
hetetogeneous_shard_non_iid_10_J_8_LR_0.01,466,4.2794,0.0548,4.2279,0.0532,4.3044,0.0511
hetetogeneous_shard_non_iid_10_J_8_LR_0.01,467,4.9674,0.0424,4.7860,0.0451,4.9847,0.0373
hetetogeneous_shard_non_iid_10_J_8_LR_0.01,468,4.3303,0.0536,4.2577,0.0592,4.3422,0.0522
hetetogeneous_shard_non_iid_10_J_8_LR_0.01,469,4.3101,0.0528,4.2497,0.0581,4.3208,0.0555
hetetogeneous_shard_non_iid_10_J_8_LR_0.01,470,4.3476,0.0372,4.3068,0.0404,4.3639,0.0361
hetetogeneous_shard_non_iid_10_J_8_LR_0.01,471,4.6711,0.0482,4.5871,0.0495,4.6955,0.0455
hetetogeneous_shard_non_iid_10_J_8_LR_0.01,472,4.6368,0.0330,4.5657,0.0346,4.6478,0.0333
hetetogeneous_shard_non_iid_10_J_8_LR_0.01,473,4.4892,0.0444,4.4346,0.0496,4.5273,0.0434
hetetogeneous_shard_non_iid_10_J_8_LR_0.01,474,4.2505,0.0568,4.2033,0.0587,4.2497,0.0533
hetetogeneous_shard_non_iid_10_J_8_LR_0.01,475,4.6876,0.0376,4.6411,0.0376,4.6851,0.0371
hetetogeneous_shard_non_iid_10_J_8_LR_0.01,476,4.3931,0.0456,4.3793,0.0468,4.4161,0.0444
hetetogeneous_shard_non_iid_10_J_8_LR_0.01,477,4.2507,0.0532,4.2318,0.0550,4.2602,0.0535
hetetogeneous_shard_non_iid_10_J_8_LR_0.01,478,4.6490,0.0280,4.6037,0.0299,4.6616,0.0264
hetetogeneous_shard_non_iid_10_J_8_LR_0.01,479,5.1380,0.0282,5.0266,0.0313,5.1154,0.0281
hetetogeneous_shard_non_iid_10_J_8_LR_0.01,480,4.3863,0.0528,4.3322,0.0516,4.4018,0.0503
hetetogeneous_shard_non_iid_10_J_8_LR_0.01,481,4.5032,0.0552,4.4298,0.0559,4.4906,0.0540
hetetogeneous_shard_non_iid_10_J_8_LR_0.01,482,4.5130,0.0470,4.4256,0.0522,4.5101,0.0476
hetetogeneous_shard_non_iid_10_J_8_LR_0.01,483,4.5404,0.0484,4.4770,0.0510,4.5590,0.0490
hetetogeneous_shard_non_iid_10_J_8_LR_0.01,484,4.8150,0.0460,4.6568,0.0499,4.8015,0.0463
hetetogeneous_shard_non_iid_10_J_8_LR_0.01,485,4.2575,0.0534,4.1943,0.0533,4.2870,0.0503
hetetogeneous_shard_non_iid_10_J_8_LR_0.01,486,4.7931,0.0346,4.6191,0.0399,4.8099,0.0378
hetetogeneous_shard_non_iid_10_J_8_LR_0.01,487,4.7685,0.0332,4.6949,0.0395,4.7653,0.0353
hetetogeneous_shard_non_iid_10_J_8_LR_0.01,488,5.0068,0.0392,4.8763,0.0445,5.0027,0.0404
hetetogeneous_shard_non_iid_10_J_8_LR_0.01,489,4.2656,0.0512,4.2712,0.0588,4.2730,0.0541
hetetogeneous_shard_non_iid_10_J_8_LR_0.01,490,4.2235,0.0558,4.1630,0.0589,4.2401,0.0550
hetetogeneous_shard_non_iid_10_J_8_LR_0.01,491,4.4725,0.0546,4.4234,0.0612,4.4657,0.0550
hetetogeneous_shard_non_iid_10_J_8_LR_0.01,492,4.3389,0.0528,4.2780,0.0590,4.3272,0.0547
hetetogeneous_shard_non_iid_10_J_8_LR_0.01,493,4.7060,0.0458,4.5650,0.0508,4.7051,0.0437
hetetogeneous_shard_non_iid_10_J_8_LR_0.01,494,4.3598,0.0534,4.3197,0.0578,4.3336,0.0553
hetetogeneous_shard_non_iid_10_J_8_LR_0.01,495,4.5188,0.0436,4.4604,0.0478,4.5160,0.0446
hetetogeneous_shard_non_iid_10_J_8_LR_0.01,496,4.4358,0.0382,4.3618,0.0439,4.4475,0.0427
hetetogeneous_shard_non_iid_10_J_8_LR_0.01,497,4.5918,0.0424,4.5145,0.0500,4.5955,0.0452
hetetogeneous_shard_non_iid_10_J_8_LR_0.01,498,4.8794,0.0380,4.7779,0.0401,4.8637,0.0372
hetetogeneous_shard_non_iid_10_J_8_LR_0.01,499,4.4737,0.0440,4.3682,0.0524,4.4717,0.0433
hetetogeneous_shard_non_iid_10_J_8_LR_0.01,500,4.5456,0.0402,4.4904,0.0418,4.5399,0.0406
hetetogeneous_shard_non_iid_10_J_8_LR_0.01,501,4.2839,0.0450,4.2512,0.0511,4.2935,0.0471
hetetogeneous_shard_non_iid_10_J_8_LR_0.01,502,4.5763,0.0488,4.5319,0.0462,4.5881,0.0423
hetetogeneous_shard_non_iid_10_J_8_LR_0.01,503,4.3561,0.0452,4.2933,0.0479,4.3444,0.0430
hetetogeneous_shard_non_iid_10_J_8_LR_0.01,504,4.3223,0.0554,4.2724,0.0579,4.3340,0.0502
hetetogeneous_shard_non_iid_10_J_8_LR_0.01,505,4.3946,0.0538,4.3054,0.0578,4.3934,0.0538
hetetogeneous_shard_non_iid_10_J_8_LR_0.01,506,4.3782,0.0512,4.3667,0.0501,4.3993,0.0480
hetetogeneous_shard_non_iid_10_J_8_LR_0.01,507,4.3615,0.0610,4.2629,0.0585,4.3738,0.0524
hetetogeneous_shard_non_iid_10_J_8_LR_0.01,508,4.2802,0.0634,4.2579,0.0622,4.3177,0.0566
hetetogeneous_shard_non_iid_10_J_8_LR_0.01,509,4.8306,0.0338,4.7511,0.0401,4.8243,0.0325
hetetogeneous_shard_non_iid_10_J_8_LR_0.01,510,4.5206,0.0418,4.4216,0.0474,4.5328,0.0433
hetetogeneous_shard_non_iid_10_J_8_LR_0.01,511,4.2377,0.0472,4.2136,0.0516,4.2671,0.0474
hetetogeneous_shard_non_iid_10_J_8_LR_0.01,512,4.5861,0.0418,4.5517,0.0457,4.5943,0.0400
hetetogeneous_shard_non_iid_10_J_8_LR_0.01,513,4.4681,0.0486,4.3970,0.0533,4.4732,0.0472
hetetogeneous_shard_non_iid_10_J_8_LR_0.01,514,4.4574,0.0354,4.4570,0.0350,4.4835,0.0330
hetetogeneous_shard_non_iid_10_J_8_LR_0.01,515,4.3419,0.0500,4.3028,0.0554,4.3464,0.0516
hetetogeneous_shard_non_iid_10_J_8_LR_0.01,516,4.5321,0.0422,4.4297,0.0453,4.5548,0.0424
hetetogeneous_shard_non_iid_10_J_8_LR_0.01,517,4.4169,0.0394,4.3456,0.0468,4.4308,0.0404
hetetogeneous_shard_non_iid_10_J_8_LR_0.01,518,4.3574,0.0524,4.2710,0.0603,4.3531,0.0526
hetetogeneous_shard_non_iid_10_J_8_LR_0.01,519,4.4519,0.0526,4.4018,0.0531,4.4541,0.0505
hetetogeneous_shard_non_iid_10_J_8_LR_0.01,520,4.5812,0.0540,4.4944,0.0568,4.5945,0.0555
hetetogeneous_shard_non_iid_10_J_8_LR_0.01,521,4.4219,0.0548,4.3862,0.0544,4.4354,0.0528
hetetogeneous_shard_non_iid_10_J_8_LR_0.01,522,4.6744,0.0368,4.6576,0.0396,4.6850,0.0388
hetetogeneous_shard_non_iid_10_J_8_LR_0.01,523,4.3819,0.0406,4.3268,0.0460,4.4073,0.0415
hetetogeneous_shard_non_iid_10_J_8_LR_0.01,524,4.3825,0.0364,4.3119,0.0446,4.4043,0.0406
hetetogeneous_shard_non_iid_10_J_8_LR_0.01,525,4.2468,0.0602,4.1999,0.0626,4.2501,0.0597
hetetogeneous_shard_non_iid_10_J_8_LR_0.01,526,4.6937,0.0380,4.5855,0.0434,4.7142,0.0384
hetetogeneous_shard_non_iid_10_J_8_LR_0.01,527,4.4385,0.0544,4.3526,0.0606,4.4611,0.0534
hetetogeneous_shard_non_iid_10_J_8_LR_0.01,528,5.0517,0.0288,4.9506,0.0346,5.0334,0.0344
hetetogeneous_shard_non_iid_10_J_8_LR_0.01,529,4.3561,0.0416,4.2630,0.0549,4.3422,0.0488
hetetogeneous_shard_non_iid_10_J_8_LR_0.01,530,4.1942,0.0512,4.1673,0.0557,4.2014,0.0518
hetetogeneous_shard_non_iid_10_J_8_LR_0.01,531,4.2808,0.0544,4.2087,0.0597,4.2756,0.0560
hetetogeneous_shard_non_iid_10_J_8_LR_0.01,532,5.0481,0.0280,4.9742,0.0295,5.0384,0.0279
hetetogeneous_shard_non_iid_10_J_8_LR_0.01,533,4.2163,0.0520,4.1800,0.0562,4.2280,0.0508
hetetogeneous_shard_non_iid_10_J_8_LR_0.01,534,4.2414,0.0540,4.1669,0.0655,4.2329,0.0606
hetetogeneous_shard_non_iid_10_J_8_LR_0.01,535,4.7440,0.0374,4.6527,0.0419,4.7412,0.0394
hetetogeneous_shard_non_iid_10_J_8_LR_0.01,536,4.1990,0.0608,4.1590,0.0691,4.2183,0.0623
hetetogeneous_shard_non_iid_10_J_8_LR_0.01,537,4.1964,0.0646,4.1506,0.0675,4.2205,0.0630
hetetogeneous_shard_non_iid_10_J_8_LR_0.01,538,4.3708,0.0442,4.2751,0.0488,4.3784,0.0462
hetetogeneous_shard_non_iid_10_J_8_LR_0.01,539,4.4854,0.0514,4.4061,0.0552,4.4792,0.0529
hetetogeneous_shard_non_iid_10_J_8_LR_0.01,540,4.6369,0.0538,4.5765,0.0531,4.6521,0.0539
hetetogeneous_shard_non_iid_10_J_8_LR_0.01,541,4.8241,0.0452,4.6951,0.0478,4.8030,0.0451
hetetogeneous_shard_non_iid_10_J_8_LR_0.01,542,4.3670,0.0598,4.2930,0.0662,4.3397,0.0660
hetetogeneous_shard_non_iid_10_J_8_LR_0.01,543,4.4346,0.0440,4.3950,0.0469,4.4445,0.0424
hetetogeneous_shard_non_iid_10_J_8_LR_0.01,544,4.3046,0.0522,4.2752,0.0562,4.3345,0.0516
hetetogeneous_shard_non_iid_10_J_8_LR_0.01,545,4.6132,0.0540,4.4869,0.0560,4.6351,0.0501
hetetogeneous_shard_non_iid_10_J_8_LR_0.01,546,4.8444,0.0348,4.8325,0.0387,4.8491,0.0352
hetetogeneous_shard_non_iid_10_J_8_LR_0.01,547,4.3085,0.0560,4.2302,0.0604,4.3148,0.0530
hetetogeneous_shard_non_iid_10_J_8_LR_0.01,548,4.3645,0.0624,4.2715,0.0657,4.3801,0.0608
hetetogeneous_shard_non_iid_10_J_8_LR_0.01,549,4.3296,0.0554,4.2879,0.0619,4.3413,0.0580
hetetogeneous_shard_non_iid_10_J_8_LR_0.01,550,4.3602,0.0622,4.3319,0.0646,4.3985,0.0570
hetetogeneous_shard_non_iid_10_J_8_LR_0.01,551,4.3620,0.0544,4.3068,0.0586,4.3871,0.0552
hetetogeneous_shard_non_iid_10_J_8_LR_0.01,552,4.6508,0.0468,4.6690,0.0471,4.6845,0.0440
hetetogeneous_shard_non_iid_10_J_8_LR_0.01,553,4.5743,0.0410,4.5700,0.0465,4.5819,0.0408
hetetogeneous_shard_non_iid_10_J_8_LR_0.01,554,4.6768,0.0482,4.6386,0.0492,4.6963,0.0466
hetetogeneous_shard_non_iid_10_J_8_LR_0.01,555,4.4923,0.0506,4.4443,0.0551,4.4930,0.0491
hetetogeneous_shard_non_iid_10_J_8_LR_0.01,556,4.6348,0.0472,4.5088,0.0510,4.6241,0.0491
hetetogeneous_shard_non_iid_10_J_8_LR_0.01,557,4.3423,0.0528,4.3288,0.0553,4.3586,0.0513
hetetogeneous_shard_non_iid_10_J_8_LR_0.01,558,5.0358,0.0400,4.8185,0.0461,5.0171,0.0382
hetetogeneous_shard_non_iid_10_J_8_LR_0.01,559,4.2905,0.0652,4.2189,0.0699,4.2941,0.0645
hetetogeneous_shard_non_iid_10_J_8_LR_0.01,560,4.4505,0.0536,4.3516,0.0636,4.4591,0.0568
hetetogeneous_shard_non_iid_10_J_8_LR_0.01,561,4.1696,0.0648,4.1284,0.0664,4.1769,0.0594
hetetogeneous_shard_non_iid_10_J_8_LR_0.01,562,4.2417,0.0670,4.1468,0.0692,4.2444,0.0638
hetetogeneous_shard_non_iid_10_J_8_LR_0.01,563,4.7400,0.0510,4.6272,0.0555,4.7619,0.0503
hetetogeneous_shard_non_iid_10_J_8_LR_0.01,564,4.3535,0.0372,4.2627,0.0444,4.3402,0.0423
hetetogeneous_shard_non_iid_10_J_8_LR_0.01,565,4.2631,0.0600,4.2402,0.0659,4.2834,0.0602
hetetogeneous_shard_non_iid_10_J_8_LR_0.01,566,4.1737,0.0596,4.1352,0.0639,4.1819,0.0625
hetetogeneous_shard_non_iid_10_J_8_LR_0.01,567,4.4211,0.0648,4.3401,0.0676,4.4470,0.0647
hetetogeneous_shard_non_iid_10_J_8_LR_0.01,568,4.1906,0.0656,4.1708,0.0647,4.2267,0.0609
hetetogeneous_shard_non_iid_10_J_8_LR_0.01,569,4.3063,0.0494,4.2527,0.0580,4.3373,0.0529
hetetogeneous_shard_non_iid_10_J_8_LR_0.01,570,4.3070,0.0662,4.2701,0.0652,4.3221,0.0620
hetetogeneous_shard_non_iid_10_J_8_LR_0.01,571,4.3156,0.0560,4.2480,0.0646,4.3320,0.0549
hetetogeneous_shard_non_iid_10_J_8_LR_0.01,572,4.6342,0.0614,4.4823,0.0664,4.6208,0.0599
hetetogeneous_shard_non_iid_10_J_8_LR_0.01,573,4.5784,0.0534,4.4670,0.0595,4.5700,0.0524
hetetogeneous_shard_non_iid_10_J_8_LR_0.01,574,4.5000,0.0512,4.4366,0.0615,4.4973,0.0563
hetetogeneous_shard_non_iid_10_J_8_LR_0.01,575,4.2813,0.0690,4.2097,0.0748,4.2933,0.0671
hetetogeneous_shard_non_iid_10_J_8_LR_0.01,576,4.1591,0.0654,4.1290,0.0728,4.1795,0.0660
hetetogeneous_shard_non_iid_10_J_8_LR_0.01,577,4.3713,0.0646,4.2766,0.0632,4.3720,0.0588
hetetogeneous_shard_non_iid_10_J_8_LR_0.01,578,4.3948,0.0406,4.3454,0.0451,4.3865,0.0434
hetetogeneous_shard_non_iid_10_J_8_LR_0.01,579,4.3999,0.0524,4.3370,0.0529,4.4160,0.0511
hetetogeneous_shard_non_iid_10_J_8_LR_0.01,580,4.2670,0.0656,4.2231,0.0656,4.2862,0.0613
hetetogeneous_shard_non_iid_10_J_8_LR_0.01,581,4.4079,0.0490,4.3480,0.0575,4.4510,0.0465
hetetogeneous_shard_non_iid_10_J_8_LR_0.01,582,4.1291,0.0530,4.1001,0.0563,4.1544,0.0512
hetetogeneous_shard_non_iid_10_J_8_LR_0.01,583,4.4708,0.0408,4.3907,0.0401,4.4790,0.0376
hetetogeneous_shard_non_iid_10_J_8_LR_0.01,584,4.1748,0.0548,4.1466,0.0639,4.1614,0.0622
hetetogeneous_shard_non_iid_10_J_8_LR_0.01,585,4.2469,0.0618,4.1556,0.0672,4.2497,0.0627
hetetogeneous_shard_non_iid_10_J_8_LR_0.01,586,4.6440,0.0524,4.5192,0.0566,4.6342,0.0523
hetetogeneous_shard_non_iid_10_J_8_LR_0.01,587,4.4081,0.0644,4.3166,0.0701,4.4033,0.0664
hetetogeneous_shard_non_iid_10_J_8_LR_0.01,588,4.5132,0.0430,4.4394,0.0529,4.4980,0.0491
hetetogeneous_shard_non_iid_10_J_8_LR_0.01,589,4.2484,0.0532,4.1975,0.0623,4.2732,0.0549
hetetogeneous_shard_non_iid_10_J_8_LR_0.01,590,4.5799,0.0442,4.4804,0.0510,4.5859,0.0462
hetetogeneous_shard_non_iid_10_J_8_LR_0.01,591,4.5089,0.0428,4.4653,0.0463,4.5199,0.0392
hetetogeneous_shard_non_iid_10_J_8_LR_0.01,592,5.0061,0.0340,4.7618,0.0427,4.9907,0.0358
hetetogeneous_shard_non_iid_10_J_8_LR_0.01,593,4.4757,0.0510,4.4737,0.0511,4.5059,0.0499
hetetogeneous_shard_non_iid_10_J_8_LR_0.01,594,4.1290,0.0592,4.1119,0.0664,4.1433,0.0596
hetetogeneous_shard_non_iid_10_J_8_LR_0.01,595,4.3430,0.0618,4.3085,0.0574,4.3601,0.0570
hetetogeneous_shard_non_iid_10_J_8_LR_0.01,596,4.2331,0.0592,4.1665,0.0677,4.2301,0.0638
hetetogeneous_shard_non_iid_10_J_8_LR_0.01,597,4.7280,0.0426,4.5978,0.0479,4.6973,0.0415
hetetogeneous_shard_non_iid_10_J_8_LR_0.01,598,4.0933,0.0650,4.0335,0.0737,4.0694,0.0685
hetetogeneous_shard_non_iid_10_J_8_LR_0.01,599,4.7514,0.0434,4.6480,0.0465,4.7534,0.0415
hetetogeneous_shard_non_iid_10_J_8_LR_0.01,600,4.2801,0.0694,4.2092,0.0712,4.2602,0.0714
hetetogeneous_shard_non_iid_10_J_8_LR_0.01,601,4.6009,0.0422,4.4838,0.0481,4.5630,0.0456
hetetogeneous_shard_non_iid_10_J_8_LR_0.01,602,4.6236,0.0484,4.4760,0.0526,4.5858,0.0494
hetetogeneous_shard_non_iid_10_J_8_LR_0.01,603,4.3074,0.0480,4.2391,0.0573,4.3074,0.0517
hetetogeneous_shard_non_iid_10_J_8_LR_0.01,604,4.2604,0.0642,4.1933,0.0715,4.2474,0.0680
hetetogeneous_shard_non_iid_10_J_8_LR_0.01,605,4.6478,0.0458,4.5645,0.0505,4.6288,0.0449
hetetogeneous_shard_non_iid_10_J_8_LR_0.01,606,4.8226,0.0450,4.7386,0.0534,4.8163,0.0507
hetetogeneous_shard_non_iid_10_J_8_LR_0.01,607,4.4195,0.0448,4.3309,0.0529,4.4022,0.0479
hetetogeneous_shard_non_iid_10_J_8_LR_0.01,608,4.2872,0.0622,4.2403,0.0656,4.2966,0.0615
hetetogeneous_shard_non_iid_10_J_8_LR_0.01,609,4.4966,0.0558,4.4224,0.0660,4.4851,0.0637
hetetogeneous_shard_non_iid_10_J_8_LR_0.01,610,4.2436,0.0598,4.1778,0.0612,4.2532,0.0583
hetetogeneous_shard_non_iid_10_J_8_LR_0.01,611,4.3681,0.0552,4.2850,0.0624,4.3730,0.0593
hetetogeneous_shard_non_iid_10_J_8_LR_0.01,612,4.1447,0.0682,4.1339,0.0634,4.1659,0.0616
hetetogeneous_shard_non_iid_10_J_8_LR_0.01,613,4.4460,0.0574,4.3081,0.0603,4.4329,0.0556
hetetogeneous_shard_non_iid_10_J_8_LR_0.01,614,4.2197,0.0592,4.1498,0.0633,4.2476,0.0544
hetetogeneous_shard_non_iid_10_J_8_LR_0.01,615,4.5237,0.0562,4.5026,0.0593,4.5439,0.0548
hetetogeneous_shard_non_iid_10_J_8_LR_0.01,616,4.1302,0.0554,4.1163,0.0619,4.1514,0.0565
hetetogeneous_shard_non_iid_10_J_8_LR_0.01,617,4.0633,0.0642,4.0399,0.0710,4.0622,0.0693
hetetogeneous_shard_non_iid_10_J_8_LR_0.01,618,4.4636,0.0666,4.3767,0.0703,4.4956,0.0684
hetetogeneous_shard_non_iid_10_J_8_LR_0.01,619,4.8763,0.0468,4.8222,0.0558,4.8657,0.0516
hetetogeneous_shard_non_iid_10_J_8_LR_0.01,620,4.2783,0.0536,4.1975,0.0639,4.2747,0.0552
hetetogeneous_shard_non_iid_10_J_8_LR_0.01,621,4.2410,0.0578,4.1851,0.0644,4.2274,0.0576
hetetogeneous_shard_non_iid_10_J_8_LR_0.01,622,4.3352,0.0490,4.2424,0.0560,4.3535,0.0484
hetetogeneous_shard_non_iid_10_J_8_LR_0.01,623,4.3621,0.0508,4.3088,0.0593,4.3619,0.0539
hetetogeneous_shard_non_iid_10_J_8_LR_0.01,624,4.2901,0.0564,4.2152,0.0648,4.2846,0.0629
hetetogeneous_shard_non_iid_10_J_8_LR_0.01,625,4.5777,0.0626,4.4701,0.0698,4.5838,0.0634
hetetogeneous_shard_non_iid_10_J_8_LR_0.01,626,4.2425,0.0606,4.1874,0.0670,4.2486,0.0628
hetetogeneous_shard_non_iid_10_J_8_LR_0.01,627,4.3671,0.0658,4.2775,0.0689,4.3743,0.0630
hetetogeneous_shard_non_iid_10_J_8_LR_0.01,628,4.4089,0.0524,4.3249,0.0565,4.4104,0.0508
hetetogeneous_shard_non_iid_10_J_8_LR_0.01,629,4.0914,0.0678,4.0529,0.0721,4.0967,0.0688
hetetogeneous_shard_non_iid_10_J_8_LR_0.01,630,4.3850,0.0560,4.3007,0.0606,4.3833,0.0560
hetetogeneous_shard_non_iid_10_J_8_LR_0.01,631,4.5088,0.0604,4.4458,0.0639,4.5021,0.0586
hetetogeneous_shard_non_iid_10_J_8_LR_0.01,632,4.1574,0.0646,4.1150,0.0657,4.1536,0.0623
hetetogeneous_shard_non_iid_10_J_8_LR_0.01,633,4.3550,0.0606,4.2425,0.0641,4.3681,0.0557
hetetogeneous_shard_non_iid_10_J_8_LR_0.01,634,4.2881,0.0678,4.2103,0.0784,4.2781,0.0676
hetetogeneous_shard_non_iid_10_J_8_LR_0.01,635,4.4672,0.0546,4.3959,0.0576,4.4617,0.0528
hetetogeneous_shard_non_iid_10_J_8_LR_0.01,636,4.2729,0.0514,4.2139,0.0573,4.2601,0.0505
hetetogeneous_shard_non_iid_10_J_8_LR_0.01,637,4.8685,0.0476,4.6843,0.0498,4.8463,0.0483
hetetogeneous_shard_non_iid_10_J_8_LR_0.01,638,4.3182,0.0608,4.1791,0.0753,4.2951,0.0639
hetetogeneous_shard_non_iid_10_J_8_LR_0.01,639,4.6501,0.0434,4.4276,0.0546,4.6235,0.0466
hetetogeneous_shard_non_iid_10_J_8_LR_0.01,640,4.1628,0.0520,4.1420,0.0602,4.1553,0.0589
hetetogeneous_shard_non_iid_10_J_8_LR_0.01,641,4.2281,0.0648,4.1368,0.0700,4.2077,0.0636
hetetogeneous_shard_non_iid_10_J_8_LR_0.01,642,4.8478,0.0528,4.6070,0.0603,4.8320,0.0547
hetetogeneous_shard_non_iid_10_J_8_LR_0.01,643,4.4449,0.0570,4.4476,0.0575,4.4520,0.0558
hetetogeneous_shard_non_iid_10_J_8_LR_0.01,644,4.1876,0.0744,4.1657,0.0764,4.1948,0.0687
hetetogeneous_shard_non_iid_10_J_8_LR_0.01,645,4.0650,0.0818,4.0187,0.0881,4.0827,0.0782
hetetogeneous_shard_non_iid_10_J_8_LR_0.01,646,4.1786,0.0668,4.1430,0.0728,4.2028,0.0646
hetetogeneous_shard_non_iid_10_J_8_LR_0.01,647,4.1776,0.0634,4.1372,0.0680,4.1972,0.0607
hetetogeneous_shard_non_iid_10_J_8_LR_0.01,648,4.5337,0.0584,4.4081,0.0607,4.5520,0.0562
hetetogeneous_shard_non_iid_10_J_8_LR_0.01,649,4.3962,0.0548,4.3599,0.0615,4.4127,0.0578
hetetogeneous_shard_non_iid_10_J_8_LR_0.01,650,4.1439,0.0732,4.0771,0.0809,4.1443,0.0774
hetetogeneous_shard_non_iid_10_J_8_LR_0.01,651,4.1984,0.0680,4.1066,0.0793,4.2109,0.0678
hetetogeneous_shard_non_iid_10_J_8_LR_0.01,652,4.5042,0.0522,4.3986,0.0604,4.4952,0.0509
hetetogeneous_shard_non_iid_10_J_8_LR_0.01,653,4.2935,0.0640,4.2207,0.0701,4.2765,0.0633
hetetogeneous_shard_non_iid_10_J_8_LR_0.01,654,4.7121,0.0448,4.5735,0.0527,4.6824,0.0480
hetetogeneous_shard_non_iid_10_J_8_LR_0.01,655,4.1108,0.0810,4.0332,0.0884,4.1154,0.0778
hetetogeneous_shard_non_iid_10_J_8_LR_0.01,656,4.2189,0.0782,4.1457,0.0900,4.2202,0.0771
hetetogeneous_shard_non_iid_10_J_8_LR_0.01,657,4.1385,0.0742,4.0901,0.0798,4.1293,0.0720
hetetogeneous_shard_non_iid_10_J_8_LR_0.01,658,4.2548,0.0730,4.1771,0.0732,4.2408,0.0664
hetetogeneous_shard_non_iid_10_J_8_LR_0.01,659,4.0249,0.0898,3.9413,0.0946,4.0142,0.0850
hetetogeneous_shard_non_iid_10_J_8_LR_0.01,660,4.5896,0.0472,4.4834,0.0497,4.6087,0.0447
hetetogeneous_shard_non_iid_10_J_8_LR_0.01,661,4.3821,0.0478,4.3155,0.0553,4.3561,0.0510
hetetogeneous_shard_non_iid_10_J_8_LR_0.01,662,4.3890,0.0390,4.2979,0.0467,4.4042,0.0427
hetetogeneous_shard_non_iid_10_J_8_LR_0.01,663,4.4148,0.0484,4.3882,0.0507,4.4037,0.0498
hetetogeneous_shard_non_iid_10_J_8_LR_0.01,664,4.1922,0.0626,4.0810,0.0714,4.2080,0.0635
hetetogeneous_shard_non_iid_10_J_8_LR_0.01,665,4.2123,0.0718,4.1407,0.0758,4.2242,0.0684
hetetogeneous_shard_non_iid_10_J_8_LR_0.01,666,4.1713,0.0752,4.0835,0.0795,4.1828,0.0694
hetetogeneous_shard_non_iid_10_J_8_LR_0.01,667,4.3171,0.0522,4.2373,0.0617,4.3244,0.0544
hetetogeneous_shard_non_iid_10_J_8_LR_0.01,668,4.3729,0.0560,4.2779,0.0602,4.3390,0.0567
hetetogeneous_shard_non_iid_10_J_8_LR_0.01,669,4.3864,0.0586,4.2964,0.0665,4.3444,0.0649
hetetogeneous_shard_non_iid_10_J_8_LR_0.01,670,4.1927,0.0766,4.1225,0.0759,4.1883,0.0717
hetetogeneous_shard_non_iid_10_J_8_LR_0.01,671,4.6056,0.0532,4.5266,0.0581,4.6076,0.0506
hetetogeneous_shard_non_iid_10_J_8_LR_0.01,672,4.2703,0.0578,4.2320,0.0586,4.2821,0.0546
hetetogeneous_shard_non_iid_10_J_8_LR_0.01,673,4.3525,0.0526,4.2993,0.0611,4.3530,0.0539
hetetogeneous_shard_non_iid_10_J_8_LR_0.01,674,4.6575,0.0420,4.5061,0.0486,4.6619,0.0443
hetetogeneous_shard_non_iid_10_J_8_LR_0.01,675,4.0641,0.0636,4.0245,0.0725,4.0646,0.0642
hetetogeneous_shard_non_iid_10_J_8_LR_0.01,676,4.4928,0.0558,4.3768,0.0607,4.4956,0.0539
hetetogeneous_shard_non_iid_10_J_8_LR_0.01,677,4.7069,0.0358,4.6863,0.0353,4.7335,0.0359
hetetogeneous_shard_non_iid_10_J_8_LR_0.01,678,4.4127,0.0534,4.3720,0.0571,4.4249,0.0503
hetetogeneous_shard_non_iid_10_J_8_LR_0.01,679,4.2942,0.0674,4.2029,0.0752,4.3164,0.0693
hetetogeneous_shard_non_iid_10_J_8_LR_0.01,680,4.7588,0.0498,4.7112,0.0483,4.7774,0.0460
hetetogeneous_shard_non_iid_10_J_8_LR_0.01,681,4.1628,0.0626,4.1088,0.0682,4.1674,0.0635
hetetogeneous_shard_non_iid_10_J_8_LR_0.01,682,4.2748,0.0636,4.1927,0.0688,4.2638,0.0637
hetetogeneous_shard_non_iid_10_J_8_LR_0.01,683,4.0900,0.0756,4.0092,0.0826,4.0875,0.0731
hetetogeneous_shard_non_iid_10_J_8_LR_0.01,684,4.2911,0.0428,4.2253,0.0485,4.3043,0.0433
hetetogeneous_shard_non_iid_10_J_8_LR_0.01,685,4.2355,0.0658,4.1540,0.0748,4.2468,0.0651
hetetogeneous_shard_non_iid_10_J_8_LR_0.01,686,4.4122,0.0610,4.3378,0.0660,4.4039,0.0565
hetetogeneous_shard_non_iid_10_J_8_LR_0.01,687,4.2699,0.0522,4.1759,0.0627,4.2763,0.0554
hetetogeneous_shard_non_iid_10_J_8_LR_0.01,688,4.1608,0.0736,4.0862,0.0790,4.1642,0.0711
hetetogeneous_shard_non_iid_10_J_8_LR_0.01,689,4.1152,0.0768,4.0533,0.0789,4.1378,0.0709
hetetogeneous_shard_non_iid_10_J_8_LR_0.01,690,4.3398,0.0616,4.2352,0.0651,4.3358,0.0606
hetetogeneous_shard_non_iid_10_J_8_LR_0.01,691,4.3817,0.0722,4.2446,0.0788,4.3693,0.0744
hetetogeneous_shard_non_iid_10_J_8_LR_0.01,692,4.0402,0.0864,3.9986,0.0870,4.0652,0.0815
hetetogeneous_shard_non_iid_10_J_8_LR_0.01,693,4.1624,0.0666,4.1407,0.0715,4.1676,0.0706
hetetogeneous_shard_non_iid_10_J_8_LR_0.01,694,4.9834,0.0410,4.7102,0.0481,4.9840,0.0407
hetetogeneous_shard_non_iid_10_J_8_LR_0.01,695,4.4861,0.0642,4.5538,0.0668,4.4855,0.0634
hetetogeneous_shard_non_iid_10_J_8_LR_0.01,696,4.0037,0.0760,3.9620,0.0878,4.0106,0.0782
hetetogeneous_shard_non_iid_10_J_8_LR_0.01,697,4.5446,0.0548,4.3923,0.0630,4.5511,0.0573
hetetogeneous_shard_non_iid_10_J_8_LR_0.01,698,3.9423,0.0836,3.9069,0.0909,3.9415,0.0832
hetetogeneous_shard_non_iid_10_J_8_LR_0.01,699,4.6309,0.0586,4.5363,0.0635,4.6199,0.0591
hetetogeneous_shard_non_iid_10_J_8_LR_0.01,700,4.5014,0.0442,4.5045,0.0475,4.5107,0.0460
hetetogeneous_shard_non_iid_10_J_8_LR_0.01,701,4.3112,0.0634,4.2403,0.0721,4.3166,0.0656
hetetogeneous_shard_non_iid_10_J_8_LR_0.01,702,4.4389,0.0620,4.3357,0.0701,4.4464,0.0659
hetetogeneous_shard_non_iid_10_J_8_LR_0.01,703,4.2304,0.0474,4.1921,0.0554,4.2199,0.0499
hetetogeneous_shard_non_iid_10_J_8_LR_0.01,704,4.4894,0.0570,4.3623,0.0621,4.4839,0.0568
hetetogeneous_shard_non_iid_10_J_8_LR_0.01,705,4.0394,0.0638,3.9942,0.0758,4.0397,0.0662
hetetogeneous_shard_non_iid_10_J_8_LR_0.01,706,4.0450,0.0814,3.9865,0.0885,4.0432,0.0808
hetetogeneous_shard_non_iid_10_J_8_LR_0.01,707,4.2670,0.0674,4.2130,0.0766,4.2578,0.0701
hetetogeneous_shard_non_iid_10_J_8_LR_0.01,708,4.2734,0.0760,4.2035,0.0808,4.2670,0.0760
hetetogeneous_shard_non_iid_10_J_8_LR_0.01,709,4.4110,0.0494,4.3140,0.0548,4.4079,0.0500
hetetogeneous_shard_non_iid_10_J_8_LR_0.01,710,4.0403,0.0760,4.0132,0.0853,4.0499,0.0753
hetetogeneous_shard_non_iid_10_J_8_LR_0.01,711,4.0786,0.0740,3.9956,0.0871,4.0639,0.0815
hetetogeneous_shard_non_iid_10_J_8_LR_0.01,712,4.1845,0.0704,4.0958,0.0811,4.1955,0.0719
hetetogeneous_shard_non_iid_10_J_8_LR_0.01,713,4.2265,0.0636,4.1676,0.0738,4.2350,0.0680
hetetogeneous_shard_non_iid_10_J_8_LR_0.01,714,4.6331,0.0590,4.4807,0.0622,4.6134,0.0574
hetetogeneous_shard_non_iid_10_J_8_LR_0.01,715,4.0783,0.0832,4.0328,0.0823,4.0758,0.0803
hetetogeneous_shard_non_iid_10_J_8_LR_0.01,716,4.0428,0.0774,4.0172,0.0781,4.0733,0.0745
hetetogeneous_shard_non_iid_10_J_8_LR_0.01,717,4.5849,0.0572,4.4985,0.0551,4.5785,0.0538
hetetogeneous_shard_non_iid_10_J_8_LR_0.01,718,4.5075,0.0558,4.3951,0.0585,4.5174,0.0519
hetetogeneous_shard_non_iid_10_J_8_LR_0.01,719,4.5969,0.0444,4.5019,0.0571,4.5942,0.0505
hetetogeneous_shard_non_iid_10_J_8_LR_0.01,720,4.6499,0.0560,4.4804,0.0636,4.6376,0.0584
hetetogeneous_shard_non_iid_10_J_8_LR_0.01,721,4.6518,0.0488,4.4966,0.0569,4.6176,0.0522
hetetogeneous_shard_non_iid_10_J_8_LR_0.01,722,4.2330,0.0524,4.2137,0.0553,4.2323,0.0525
hetetogeneous_shard_non_iid_10_J_8_LR_0.01,723,4.2990,0.0668,4.2154,0.0663,4.2953,0.0635
hetetogeneous_shard_non_iid_10_J_8_LR_0.01,724,4.6453,0.0488,4.5652,0.0549,4.6117,0.0515
hetetogeneous_shard_non_iid_10_J_8_LR_0.01,725,4.1011,0.0684,4.0467,0.0738,4.0905,0.0680
hetetogeneous_shard_non_iid_10_J_8_LR_0.01,726,4.1937,0.0692,4.0955,0.0754,4.1878,0.0682
hetetogeneous_shard_non_iid_10_J_8_LR_0.01,727,4.1791,0.0684,4.1224,0.0735,4.1798,0.0678
hetetogeneous_shard_non_iid_10_J_8_LR_0.01,728,4.0611,0.0914,3.9848,0.0935,4.0663,0.0852
hetetogeneous_shard_non_iid_10_J_8_LR_0.01,729,4.1523,0.0704,4.1088,0.0718,4.1355,0.0679
hetetogeneous_shard_non_iid_10_J_8_LR_0.01,730,4.2020,0.0702,4.0889,0.0696,4.2131,0.0690
hetetogeneous_shard_non_iid_10_J_8_LR_0.01,731,4.1255,0.0684,4.0390,0.0778,4.1101,0.0677
hetetogeneous_shard_non_iid_10_J_8_LR_0.01,732,4.1151,0.0624,4.0529,0.0705,4.1227,0.0637
hetetogeneous_shard_non_iid_10_J_8_LR_0.01,733,4.6536,0.0594,4.5379,0.0672,4.6180,0.0625
hetetogeneous_shard_non_iid_10_J_8_LR_0.01,734,4.2093,0.0596,4.1435,0.0712,4.1957,0.0638
hetetogeneous_shard_non_iid_10_J_8_LR_0.01,735,4.5513,0.0472,4.4607,0.0552,4.5451,0.0541
hetetogeneous_shard_non_iid_10_J_8_LR_0.01,736,4.2010,0.0558,4.1469,0.0658,4.2084,0.0599
hetetogeneous_shard_non_iid_10_J_8_LR_0.01,737,4.2692,0.0528,4.2192,0.0574,4.2591,0.0549
hetetogeneous_shard_non_iid_10_J_8_LR_0.01,738,4.3340,0.0590,4.2357,0.0713,4.3234,0.0641
hetetogeneous_shard_non_iid_10_J_8_LR_0.01,739,4.8682,0.0398,4.7295,0.0467,4.8635,0.0450
hetetogeneous_shard_non_iid_10_J_8_LR_0.01,740,3.9829,0.0828,3.9315,0.0892,3.9747,0.0893
hetetogeneous_shard_non_iid_10_J_8_LR_0.01,741,4.1724,0.0592,4.0968,0.0711,4.1823,0.0619
hetetogeneous_shard_non_iid_10_J_8_LR_0.01,742,4.4930,0.0508,4.3908,0.0666,4.4678,0.0597
hetetogeneous_shard_non_iid_10_J_8_LR_0.01,743,4.2894,0.0534,4.2053,0.0605,4.2824,0.0555
hetetogeneous_shard_non_iid_10_J_8_LR_0.01,744,4.5294,0.0572,4.4211,0.0599,4.5427,0.0527
hetetogeneous_shard_non_iid_10_J_8_LR_0.01,745,4.1158,0.0778,4.0808,0.0780,4.1289,0.0729
hetetogeneous_shard_non_iid_10_J_8_LR_0.01,746,4.3507,0.0602,4.2912,0.0652,4.3555,0.0557
hetetogeneous_shard_non_iid_10_J_8_LR_0.01,747,4.1814,0.0576,4.0699,0.0697,4.1651,0.0593
hetetogeneous_shard_non_iid_10_J_8_LR_0.01,748,4.0279,0.0750,3.9647,0.0763,4.0326,0.0740
hetetogeneous_shard_non_iid_10_J_8_LR_0.01,749,4.1538,0.0722,4.0856,0.0751,4.1442,0.0715
hetetogeneous_shard_non_iid_10_J_8_LR_0.01,750,4.2797,0.0654,4.1591,0.0750,4.2867,0.0632
hetetogeneous_shard_non_iid_10_J_8_LR_0.01,751,4.1772,0.0694,4.1080,0.0750,4.1711,0.0683
hetetogeneous_shard_non_iid_10_J_8_LR_0.01,752,4.1651,0.0686,4.0970,0.0709,4.1565,0.0688
hetetogeneous_shard_non_iid_10_J_8_LR_0.01,753,4.0864,0.0814,4.0504,0.0803,4.0995,0.0761
hetetogeneous_shard_non_iid_10_J_8_LR_0.01,754,4.4610,0.0608,4.3599,0.0595,4.4652,0.0571
hetetogeneous_shard_non_iid_10_J_8_LR_0.01,755,4.4326,0.0662,4.3213,0.0755,4.4203,0.0662
hetetogeneous_shard_non_iid_10_J_8_LR_0.01,756,4.0544,0.0712,4.0026,0.0797,4.0384,0.0761
hetetogeneous_shard_non_iid_10_J_8_LR_0.01,757,4.0233,0.0826,3.9541,0.0944,4.0221,0.0889
hetetogeneous_shard_non_iid_10_J_8_LR_0.01,758,4.1894,0.0728,4.0729,0.0825,4.1750,0.0730
hetetogeneous_shard_non_iid_10_J_8_LR_0.01,759,4.2507,0.0716,4.1298,0.0793,4.2276,0.0752
hetetogeneous_shard_non_iid_10_J_8_LR_0.01,760,4.3012,0.0776,4.1475,0.0823,4.2865,0.0750
hetetogeneous_shard_non_iid_10_J_8_LR_0.01,761,4.1388,0.0800,4.0453,0.0885,4.1190,0.0841
hetetogeneous_shard_non_iid_10_J_8_LR_0.01,762,4.1075,0.0700,4.0325,0.0763,4.0966,0.0687
hetetogeneous_shard_non_iid_10_J_8_LR_0.01,763,4.3736,0.0664,4.2021,0.0751,4.3623,0.0673
hetetogeneous_shard_non_iid_10_J_8_LR_0.01,764,4.1162,0.0816,4.0785,0.0867,4.1064,0.0821
hetetogeneous_shard_non_iid_10_J_8_LR_0.01,765,4.1112,0.0780,4.0392,0.0814,4.1204,0.0707
hetetogeneous_shard_non_iid_10_J_8_LR_0.01,766,4.2766,0.0628,4.1880,0.0713,4.2770,0.0648
hetetogeneous_shard_non_iid_10_J_8_LR_0.01,767,4.3690,0.0660,4.2652,0.0746,4.3487,0.0666
hetetogeneous_shard_non_iid_10_J_8_LR_0.01,768,4.2247,0.0626,4.1428,0.0729,4.2169,0.0639
hetetogeneous_shard_non_iid_10_J_8_LR_0.01,769,4.0078,0.0800,3.9501,0.0815,4.0005,0.0786
hetetogeneous_shard_non_iid_10_J_8_LR_0.01,770,3.9973,0.0824,3.9297,0.0959,4.0090,0.0854
hetetogeneous_shard_non_iid_10_J_8_LR_0.01,771,4.2392,0.0590,4.1313,0.0721,4.2384,0.0600
hetetogeneous_shard_non_iid_10_J_8_LR_0.01,772,4.2519,0.0636,4.1846,0.0720,4.2546,0.0644
hetetogeneous_shard_non_iid_10_J_8_LR_0.01,773,4.1742,0.0668,4.1344,0.0764,4.1650,0.0695
hetetogeneous_shard_non_iid_10_J_8_LR_0.01,774,4.0081,0.0762,3.9468,0.0796,3.9938,0.0749
hetetogeneous_shard_non_iid_10_J_8_LR_0.01,775,4.2062,0.0668,4.1042,0.0766,4.1944,0.0695
hetetogeneous_shard_non_iid_10_J_8_LR_0.01,776,4.3363,0.0720,4.2003,0.0780,4.3350,0.0763
hetetogeneous_shard_non_iid_10_J_8_LR_0.01,777,4.4565,0.0492,4.3520,0.0586,4.4543,0.0534
hetetogeneous_shard_non_iid_10_J_8_LR_0.01,778,3.9896,0.0758,3.9177,0.0864,3.9728,0.0800
hetetogeneous_shard_non_iid_10_J_8_LR_0.01,779,4.4397,0.0594,4.3327,0.0659,4.4192,0.0622
hetetogeneous_shard_non_iid_10_J_8_LR_0.01,780,4.2486,0.0770,4.0653,0.0886,4.2259,0.0822
hetetogeneous_shard_non_iid_10_J_8_LR_0.01,781,4.0393,0.0796,3.9707,0.0883,4.0240,0.0805
hetetogeneous_shard_non_iid_10_J_8_LR_0.01,782,4.2856,0.0674,4.2418,0.0758,4.2662,0.0717
hetetogeneous_shard_non_iid_10_J_8_LR_0.01,783,4.3412,0.0690,4.1794,0.0810,4.3145,0.0688
hetetogeneous_shard_non_iid_10_J_8_LR_0.01,784,4.1702,0.0602,4.0806,0.0722,4.1392,0.0667
hetetogeneous_shard_non_iid_10_J_8_LR_0.01,785,4.0291,0.0792,3.9529,0.0879,3.9938,0.0820
hetetogeneous_shard_non_iid_10_J_8_LR_0.01,786,4.2314,0.0646,4.1338,0.0742,4.2031,0.0661
hetetogeneous_shard_non_iid_10_J_8_LR_0.01,787,4.3493,0.0668,4.2232,0.0737,4.2999,0.0728
hetetogeneous_shard_non_iid_10_J_8_LR_0.01,788,4.4291,0.0660,4.3764,0.0694,4.4250,0.0620
hetetogeneous_shard_non_iid_10_J_8_LR_0.01,789,4.2269,0.0704,4.1654,0.0759,4.2100,0.0698
hetetogeneous_shard_non_iid_10_J_8_LR_0.01,790,4.1493,0.0756,4.0907,0.0812,4.1753,0.0646
hetetogeneous_shard_non_iid_10_J_8_LR_0.01,791,4.2813,0.0620,4.2394,0.0631,4.2903,0.0610
hetetogeneous_shard_non_iid_10_J_8_LR_0.01,792,4.2499,0.0734,4.1681,0.0795,4.2380,0.0750
hetetogeneous_shard_non_iid_10_J_8_LR_0.01,793,4.3650,0.0616,4.2276,0.0713,4.3361,0.0680
hetetogeneous_shard_non_iid_10_J_8_LR_0.01,794,4.0390,0.0876,3.9756,0.0981,4.0219,0.0921
hetetogeneous_shard_non_iid_10_J_8_LR_0.01,795,4.0752,0.0732,3.9790,0.0887,4.0346,0.0812
hetetogeneous_shard_non_iid_10_J_8_LR_0.01,796,4.2348,0.0688,4.1880,0.0750,4.2532,0.0667
hetetogeneous_shard_non_iid_10_J_8_LR_0.01,797,4.4760,0.0542,4.3050,0.0619,4.4723,0.0562
hetetogeneous_shard_non_iid_10_J_8_LR_0.01,798,4.7896,0.0538,4.5763,0.0579,4.7826,0.0515
hetetogeneous_shard_non_iid_10_J_8_LR_0.01,799,4.1973,0.0750,4.1984,0.0767,4.1945,0.0778
hetetogeneous_shard_non_iid_10_J_8_LR_0.01,800,4.1612,0.0756,4.0540,0.0863,4.1459,0.0802
hetetogeneous_shard_non_iid_10_J_8_LR_0.01,801,4.0068,0.0828,3.9511,0.0879,3.9916,0.0860
hetetogeneous_shard_non_iid_10_J_8_LR_0.01,802,4.0599,0.0746,4.0229,0.0770,4.0693,0.0714
hetetogeneous_shard_non_iid_10_J_8_LR_0.01,803,4.1443,0.0848,4.0995,0.0908,4.1186,0.0853
hetetogeneous_shard_non_iid_10_J_8_LR_0.01,804,3.8396,0.1106,3.7788,0.1092,3.8403,0.1020
hetetogeneous_shard_non_iid_10_J_8_LR_0.01,805,5.4606,0.0544,5.2877,0.0618,5.3945,0.0563
hetetogeneous_shard_non_iid_10_J_8_LR_0.01,806,3.9998,0.0824,3.9899,0.0806,3.9943,0.0796
hetetogeneous_shard_non_iid_10_J_8_LR_0.01,807,4.0170,0.0836,3.9489,0.0892,4.0112,0.0825
hetetogeneous_shard_non_iid_10_J_8_LR_0.01,808,4.3812,0.0690,4.2573,0.0776,4.3832,0.0730
hetetogeneous_shard_non_iid_10_J_8_LR_0.01,809,4.0364,0.0728,3.9342,0.0868,4.0043,0.0814
hetetogeneous_shard_non_iid_10_J_8_LR_0.01,810,4.3194,0.0692,4.2427,0.0722,4.3147,0.0660
hetetogeneous_shard_non_iid_10_J_8_LR_0.01,811,4.0289,0.0764,3.9721,0.0796,4.0144,0.0751
hetetogeneous_shard_non_iid_10_J_8_LR_0.01,812,4.2098,0.0678,4.1355,0.0718,4.1966,0.0696
hetetogeneous_shard_non_iid_10_J_8_LR_0.01,813,3.9740,0.0904,3.9077,0.0983,3.9740,0.0871
hetetogeneous_shard_non_iid_10_J_8_LR_0.01,814,4.1101,0.0858,3.9778,0.0914,4.1034,0.0818
hetetogeneous_shard_non_iid_10_J_8_LR_0.01,815,4.2502,0.0766,4.1125,0.0880,4.2561,0.0767
hetetogeneous_shard_non_iid_10_J_8_LR_0.01,816,4.3818,0.0578,4.3043,0.0668,4.3746,0.0598
hetetogeneous_shard_non_iid_10_J_8_LR_0.01,817,4.0301,0.0836,3.9748,0.0921,4.0206,0.0856
hetetogeneous_shard_non_iid_10_J_8_LR_0.01,818,4.5865,0.0410,4.5118,0.0498,4.6072,0.0460
hetetogeneous_shard_non_iid_10_J_8_LR_0.01,819,3.9997,0.0762,3.9841,0.0751,4.0123,0.0719
hetetogeneous_shard_non_iid_10_J_8_LR_0.01,820,3.9587,0.0768,3.9098,0.0823,3.9582,0.0780
hetetogeneous_shard_non_iid_10_J_8_LR_0.01,821,4.2794,0.0702,4.1884,0.0781,4.2649,0.0726
hetetogeneous_shard_non_iid_10_J_8_LR_0.01,822,4.2941,0.0700,4.2089,0.0781,4.2313,0.0780
hetetogeneous_shard_non_iid_10_J_8_LR_0.01,823,4.3058,0.0592,4.2694,0.0645,4.2981,0.0604
hetetogeneous_shard_non_iid_10_J_8_LR_0.01,824,4.1761,0.0794,4.0944,0.0842,4.1351,0.0807
hetetogeneous_shard_non_iid_10_J_8_LR_0.01,825,4.2469,0.0674,4.1009,0.0765,4.2400,0.0668
hetetogeneous_shard_non_iid_10_J_8_LR_0.01,826,4.1791,0.0744,4.0974,0.0773,4.1809,0.0745
hetetogeneous_shard_non_iid_10_J_8_LR_0.01,827,4.1162,0.0856,4.0949,0.0943,4.1068,0.0850
hetetogeneous_shard_non_iid_10_J_8_LR_0.01,828,4.4998,0.0684,4.3737,0.0717,4.4818,0.0654
hetetogeneous_shard_non_iid_10_J_8_LR_0.01,829,4.3993,0.0602,4.3486,0.0730,4.3932,0.0660
hetetogeneous_shard_non_iid_10_J_8_LR_0.01,830,4.2248,0.0962,4.0860,0.1002,4.2178,0.0910
hetetogeneous_shard_non_iid_10_J_8_LR_0.01,831,4.0907,0.0732,4.0230,0.0855,4.0902,0.0736
hetetogeneous_shard_non_iid_10_J_8_LR_0.01,832,3.9529,0.1038,3.8550,0.1194,3.9529,0.1023
hetetogeneous_shard_non_iid_10_J_8_LR_0.01,833,4.6993,0.0676,4.4833,0.0823,4.6766,0.0713
hetetogeneous_shard_non_iid_10_J_8_LR_0.01,834,4.3447,0.0726,4.2968,0.0823,4.3453,0.0721
hetetogeneous_shard_non_iid_10_J_8_LR_0.01,835,4.7113,0.0452,4.5759,0.0557,4.6904,0.0498
hetetogeneous_shard_non_iid_10_J_8_LR_0.01,836,4.0768,0.0708,3.9977,0.0853,4.0921,0.0725
hetetogeneous_shard_non_iid_10_J_8_LR_0.01,837,4.0707,0.0760,4.0150,0.0876,4.0649,0.0822
hetetogeneous_shard_non_iid_10_J_8_LR_0.01,838,3.9672,0.0804,3.8963,0.0950,3.9534,0.0826
hetetogeneous_shard_non_iid_10_J_8_LR_0.01,839,4.2567,0.0666,4.1390,0.0788,4.2287,0.0698
hetetogeneous_shard_non_iid_10_J_8_LR_0.01,840,4.4479,0.0612,4.2204,0.0700,4.4328,0.0622
hetetogeneous_shard_non_iid_10_J_8_LR_0.01,841,3.9173,0.0890,3.8593,0.1001,3.9152,0.0898
hetetogeneous_shard_non_iid_10_J_8_LR_0.01,842,4.0048,0.0720,3.9384,0.0851,3.9866,0.0793
hetetogeneous_shard_non_iid_10_J_8_LR_0.01,843,4.0454,0.0728,3.9776,0.0830,4.0408,0.0744
hetetogeneous_shard_non_iid_10_J_8_LR_0.01,844,4.0703,0.0810,4.0015,0.0926,4.0412,0.0862
hetetogeneous_shard_non_iid_10_J_8_LR_0.01,845,4.4857,0.0646,4.2791,0.0794,4.4272,0.0744
hetetogeneous_shard_non_iid_10_J_8_LR_0.01,846,4.4046,0.0734,4.2501,0.0823,4.3949,0.0729
hetetogeneous_shard_non_iid_10_J_8_LR_0.01,847,4.1867,0.0684,4.0387,0.0800,4.1580,0.0727
hetetogeneous_shard_non_iid_10_J_8_LR_0.01,848,4.1529,0.0692,4.0851,0.0717,4.1106,0.0711
hetetogeneous_shard_non_iid_10_J_8_LR_0.01,849,4.4952,0.0674,4.2771,0.0793,4.4677,0.0686
hetetogeneous_shard_non_iid_10_J_8_LR_0.01,850,4.2060,0.0622,4.0843,0.0703,4.1740,0.0664
hetetogeneous_shard_non_iid_10_J_8_LR_0.01,851,3.9260,0.0976,3.8430,0.1007,3.9168,0.0960
hetetogeneous_shard_non_iid_10_J_8_LR_0.01,852,4.2552,0.0724,4.1851,0.0765,4.2271,0.0750
hetetogeneous_shard_non_iid_10_J_8_LR_0.01,853,3.9624,0.0872,3.8802,0.0986,3.9342,0.0922
hetetogeneous_shard_non_iid_10_J_8_LR_0.01,854,4.0032,0.1006,3.9207,0.1081,3.9810,0.1027
hetetogeneous_shard_non_iid_10_J_8_LR_0.01,855,4.2589,0.0770,4.1455,0.0786,4.2208,0.0770
hetetogeneous_shard_non_iid_10_J_8_LR_0.01,856,4.1415,0.0770,4.0945,0.0843,4.1548,0.0734
hetetogeneous_shard_non_iid_10_J_8_LR_0.01,857,4.0645,0.0834,4.0037,0.0929,4.0413,0.0863
hetetogeneous_shard_non_iid_10_J_8_LR_0.01,858,4.1782,0.0718,4.0709,0.0809,4.1401,0.0800
hetetogeneous_shard_non_iid_10_J_8_LR_0.01,859,4.0305,0.0870,3.9411,0.0992,4.0122,0.0912
hetetogeneous_shard_non_iid_10_J_8_LR_0.01,860,4.1559,0.0800,4.0134,0.0881,4.1150,0.0832
hetetogeneous_shard_non_iid_10_J_8_LR_0.01,861,4.2747,0.0720,4.1739,0.0803,4.2482,0.0712
hetetogeneous_shard_non_iid_10_J_8_LR_0.01,862,4.3785,0.0668,4.1951,0.0753,4.3487,0.0691
hetetogeneous_shard_non_iid_10_J_8_LR_0.01,863,3.9618,0.1028,3.8652,0.1194,3.9400,0.1069
hetetogeneous_shard_non_iid_10_J_8_LR_0.01,864,3.9966,0.0846,3.9110,0.1046,3.9884,0.0910
hetetogeneous_shard_non_iid_10_J_8_LR_0.01,865,4.1667,0.0762,4.0623,0.0855,4.1465,0.0803
hetetogeneous_shard_non_iid_10_J_8_LR_0.01,866,4.2236,0.0868,4.0894,0.0985,4.1870,0.0896
hetetogeneous_shard_non_iid_10_J_8_LR_0.01,867,4.1472,0.0950,4.0386,0.0999,4.1366,0.0914
hetetogeneous_shard_non_iid_10_J_8_LR_0.01,868,4.2279,0.0690,4.1091,0.0807,4.2047,0.0745
hetetogeneous_shard_non_iid_10_J_8_LR_0.01,869,4.0685,0.0926,4.0282,0.0958,4.0731,0.0887
hetetogeneous_shard_non_iid_10_J_8_LR_0.01,870,4.0897,0.0744,3.9863,0.0884,4.0839,0.0780
hetetogeneous_shard_non_iid_10_J_8_LR_0.01,871,3.9331,0.0922,3.8520,0.1101,3.9214,0.0961
hetetogeneous_shard_non_iid_10_J_8_LR_0.01,872,4.1664,0.0872,4.0169,0.0976,4.1682,0.0823
hetetogeneous_shard_non_iid_10_J_8_LR_0.01,873,4.1091,0.0654,4.0537,0.0729,4.0801,0.0694
hetetogeneous_shard_non_iid_10_J_8_LR_0.01,874,3.9126,0.0928,3.8626,0.0969,3.8839,0.0970
hetetogeneous_shard_non_iid_10_J_8_LR_0.01,875,4.2871,0.0784,4.1948,0.0816,4.2773,0.0744
hetetogeneous_shard_non_iid_10_J_8_LR_0.01,876,4.2762,0.0600,4.1552,0.0757,4.2546,0.0669
hetetogeneous_shard_non_iid_10_J_8_LR_0.01,877,4.3495,0.0644,4.1982,0.0745,4.3357,0.0650
hetetogeneous_shard_non_iid_10_J_8_LR_0.01,878,4.0247,0.0866,3.9670,0.0943,4.0079,0.0886
hetetogeneous_shard_non_iid_10_J_8_LR_0.01,879,4.2597,0.0680,4.1547,0.0773,4.2371,0.0730
hetetogeneous_shard_non_iid_10_J_8_LR_0.01,880,3.9222,0.0920,3.8392,0.0928,3.8970,0.0890
hetetogeneous_shard_non_iid_10_J_8_LR_0.01,881,4.4027,0.0660,4.2574,0.0796,4.3856,0.0703
hetetogeneous_shard_non_iid_10_J_8_LR_0.01,882,3.9912,0.0784,3.9436,0.0926,3.9841,0.0838
hetetogeneous_shard_non_iid_10_J_8_LR_0.01,883,3.9727,0.0776,3.8989,0.0859,3.9736,0.0779
hetetogeneous_shard_non_iid_10_J_8_LR_0.01,884,3.9929,0.0826,3.9009,0.0982,3.9783,0.0865
hetetogeneous_shard_non_iid_10_J_8_LR_0.01,885,4.0057,0.0752,3.9894,0.0804,4.0384,0.0723
hetetogeneous_shard_non_iid_10_J_8_LR_0.01,886,3.8548,0.1016,3.7869,0.1018,3.8648,0.0935
hetetogeneous_shard_non_iid_10_J_8_LR_0.01,887,4.3106,0.0770,4.1751,0.0878,4.3272,0.0814
hetetogeneous_shard_non_iid_10_J_8_LR_0.01,888,4.2645,0.0740,4.1933,0.0784,4.2589,0.0707
hetetogeneous_shard_non_iid_10_J_8_LR_0.01,889,4.1327,0.0882,4.0341,0.0989,4.1173,0.0852
hetetogeneous_shard_non_iid_10_J_8_LR_0.01,890,4.0583,0.0874,3.9901,0.0910,4.0503,0.0841
hetetogeneous_shard_non_iid_10_J_8_LR_0.01,891,3.8996,0.0960,3.8360,0.1070,3.8850,0.0953
hetetogeneous_shard_non_iid_10_J_8_LR_0.01,892,4.1596,0.0798,4.0560,0.0862,4.1495,0.0786
hetetogeneous_shard_non_iid_10_J_8_LR_0.01,893,4.0857,0.0798,4.0257,0.0871,4.0782,0.0822
hetetogeneous_shard_non_iid_10_J_8_LR_0.01,894,4.2260,0.0818,4.1751,0.0932,4.2087,0.0828
hetetogeneous_shard_non_iid_10_J_8_LR_0.01,895,4.0428,0.0888,3.9629,0.0984,4.0351,0.0904
hetetogeneous_shard_non_iid_10_J_8_LR_0.01,896,4.0309,0.0968,3.9559,0.0978,4.0204,0.0922
hetetogeneous_shard_non_iid_10_J_8_LR_0.01,897,4.1944,0.0884,4.0990,0.0975,4.1804,0.0910
hetetogeneous_shard_non_iid_10_J_8_LR_0.01,898,4.1540,0.0648,4.1260,0.0681,4.1656,0.0625
hetetogeneous_shard_non_iid_10_J_8_LR_0.01,899,4.1990,0.0620,4.1055,0.0760,4.2011,0.0671
hetetogeneous_shard_non_iid_10_J_8_LR_0.01,900,4.1580,0.0774,4.0645,0.0828,4.1766,0.0732
hetetogeneous_shard_non_iid_10_J_8_LR_0.01,901,4.1367,0.0712,4.0431,0.0793,4.1453,0.0683
hetetogeneous_shard_non_iid_10_J_8_LR_0.01,902,4.2333,0.0820,4.1031,0.0838,4.2115,0.0794
hetetogeneous_shard_non_iid_10_J_8_LR_0.01,903,4.4156,0.0654,4.2864,0.0715,4.4118,0.0628
hetetogeneous_shard_non_iid_10_J_8_LR_0.01,904,3.8295,0.1076,3.7714,0.1164,3.8232,0.1059
hetetogeneous_shard_non_iid_10_J_8_LR_0.01,905,4.0153,0.0852,3.9526,0.0979,3.9768,0.0935
hetetogeneous_shard_non_iid_10_J_8_LR_0.01,906,4.1126,0.0768,4.0576,0.0871,4.0986,0.0784
hetetogeneous_shard_non_iid_10_J_8_LR_0.01,907,3.9631,0.0944,3.8834,0.1046,3.9619,0.0956
hetetogeneous_shard_non_iid_10_J_8_LR_0.01,908,4.0800,0.0898,3.9284,0.1051,4.0641,0.0926
hetetogeneous_shard_non_iid_10_J_8_LR_0.01,909,4.2295,0.0816,4.0456,0.0979,4.1777,0.0851
hetetogeneous_shard_non_iid_10_J_8_LR_0.01,910,4.1310,0.0820,4.0386,0.0842,4.1263,0.0791
hetetogeneous_shard_non_iid_10_J_8_LR_0.01,911,4.1679,0.0642,4.0367,0.0794,4.1577,0.0646
hetetogeneous_shard_non_iid_10_J_8_LR_0.01,912,4.3683,0.0808,4.2126,0.0858,4.3503,0.0796
hetetogeneous_shard_non_iid_10_J_8_LR_0.01,913,4.2847,0.0716,4.2279,0.0830,4.2270,0.0814
hetetogeneous_shard_non_iid_10_J_8_LR_0.01,914,4.4528,0.0704,4.3048,0.0799,4.4111,0.0762
hetetogeneous_shard_non_iid_10_J_8_LR_0.01,915,4.0060,0.0768,3.8944,0.0972,3.9804,0.0861
hetetogeneous_shard_non_iid_10_J_8_LR_0.01,916,5.0208,0.0484,4.7024,0.0597,5.0035,0.0538
hetetogeneous_shard_non_iid_10_J_8_LR_0.01,917,4.0108,0.0818,3.9258,0.0973,3.9927,0.0868
hetetogeneous_shard_non_iid_10_J_8_LR_0.01,918,4.2693,0.0658,4.1649,0.0719,4.2500,0.0669
hetetogeneous_shard_non_iid_10_J_8_LR_0.01,919,4.1972,0.0666,4.0625,0.0786,4.1661,0.0712
hetetogeneous_shard_non_iid_10_J_8_LR_0.01,920,4.0100,0.0902,3.9084,0.1026,3.9691,0.0956
hetetogeneous_shard_non_iid_10_J_8_LR_0.01,921,4.2442,0.0772,4.1130,0.0828,4.1998,0.0770
hetetogeneous_shard_non_iid_10_J_8_LR_0.01,922,3.9644,0.0858,3.9094,0.0883,3.9466,0.0860
hetetogeneous_shard_non_iid_10_J_8_LR_0.01,923,3.8869,0.1064,3.7938,0.1118,3.8631,0.1030
hetetogeneous_shard_non_iid_10_J_8_LR_0.01,924,4.1517,0.0812,4.0684,0.0888,4.1106,0.0859
hetetogeneous_shard_non_iid_10_J_8_LR_0.01,925,3.9205,0.0878,3.8540,0.0999,3.8934,0.0911
hetetogeneous_shard_non_iid_10_J_8_LR_0.01,926,3.9762,0.0834,3.8837,0.0951,3.9559,0.0876
hetetogeneous_shard_non_iid_10_J_8_LR_0.01,927,3.8933,0.1000,3.7639,0.1158,3.8716,0.1003
hetetogeneous_shard_non_iid_10_J_8_LR_0.01,928,4.0172,0.0968,3.9582,0.0978,4.0129,0.0900
hetetogeneous_shard_non_iid_10_J_8_LR_0.01,929,4.3886,0.0584,4.2373,0.0676,4.3565,0.0607
hetetogeneous_shard_non_iid_10_J_8_LR_0.01,930,4.2816,0.0692,4.1917,0.0700,4.2769,0.0632
hetetogeneous_shard_non_iid_10_J_8_LR_0.01,931,4.1522,0.0804,4.0412,0.0949,4.1242,0.0868
hetetogeneous_shard_non_iid_10_J_8_LR_0.01,932,3.9649,0.0936,3.9041,0.1026,3.9278,0.1012
hetetogeneous_shard_non_iid_10_J_8_LR_0.01,933,4.3105,0.0778,4.1321,0.0891,4.2919,0.0798
hetetogeneous_shard_non_iid_10_J_8_LR_0.01,934,4.4174,0.0622,4.2750,0.0728,4.3934,0.0624
hetetogeneous_shard_non_iid_10_J_8_LR_0.01,935,3.8388,0.0960,3.7684,0.1101,3.8234,0.1009
hetetogeneous_shard_non_iid_10_J_8_LR_0.01,936,3.9362,0.1046,3.8351,0.1153,3.8890,0.1076
hetetogeneous_shard_non_iid_10_J_8_LR_0.01,937,4.6414,0.0494,4.4542,0.0676,4.6216,0.0566
hetetogeneous_shard_non_iid_10_J_8_LR_0.01,938,4.1789,0.0610,4.0791,0.0797,4.1787,0.0654
hetetogeneous_shard_non_iid_10_J_8_LR_0.01,939,4.0769,0.0866,3.9471,0.0915,4.0732,0.0806
hetetogeneous_shard_non_iid_10_J_8_LR_0.01,940,4.1323,0.0820,4.0212,0.0882,4.1016,0.0800
hetetogeneous_shard_non_iid_10_J_8_LR_0.01,941,4.0878,0.0796,4.0175,0.0946,4.0585,0.0852
hetetogeneous_shard_non_iid_10_J_8_LR_0.01,942,4.0210,0.0848,3.9261,0.0949,4.0058,0.0822
hetetogeneous_shard_non_iid_10_J_8_LR_0.01,943,4.2335,0.0842,4.1023,0.0924,4.2184,0.0822
hetetogeneous_shard_non_iid_10_J_8_LR_0.01,944,3.9468,0.0954,3.9164,0.1021,3.9566,0.0952
hetetogeneous_shard_non_iid_10_J_8_LR_0.01,945,3.9121,0.1020,3.8362,0.1080,3.9120,0.0965
hetetogeneous_shard_non_iid_10_J_8_LR_0.01,946,4.4217,0.0688,4.1505,0.0776,4.4352,0.0683
hetetogeneous_shard_non_iid_10_J_8_LR_0.01,947,3.9019,0.1052,3.8233,0.1063,3.9186,0.0941
hetetogeneous_shard_non_iid_10_J_8_LR_0.01,948,3.8545,0.1122,3.7522,0.1208,3.8276,0.1128
hetetogeneous_shard_non_iid_10_J_8_LR_0.01,949,4.0365,0.0988,3.9156,0.1081,4.0174,0.0946
hetetogeneous_shard_non_iid_10_J_8_LR_0.01,950,3.9931,0.1020,3.8853,0.1147,3.9622,0.1072
hetetogeneous_shard_non_iid_10_J_8_LR_0.01,951,4.0286,0.0948,3.9516,0.0971,3.9985,0.0947
hetetogeneous_shard_non_iid_10_J_8_LR_0.01,952,4.2201,0.0698,4.1265,0.0786,4.1794,0.0775
hetetogeneous_shard_non_iid_10_J_8_LR_0.01,953,4.2066,0.0864,4.0264,0.0928,4.1817,0.0863
hetetogeneous_shard_non_iid_10_J_8_LR_0.01,954,3.8206,0.1010,3.7201,0.1114,3.8002,0.1010
hetetogeneous_shard_non_iid_10_J_8_LR_0.01,955,4.1856,0.0742,4.0619,0.0893,4.1488,0.0806
hetetogeneous_shard_non_iid_10_J_8_LR_0.01,956,3.7622,0.1200,3.6737,0.1324,3.7483,0.1216
hetetogeneous_shard_non_iid_10_J_8_LR_0.01,957,4.1569,0.0902,3.9798,0.0938,4.1454,0.0884
hetetogeneous_shard_non_iid_10_J_8_LR_0.01,958,3.8805,0.1044,3.7780,0.1105,3.8707,0.1027
hetetogeneous_shard_non_iid_10_J_8_LR_0.01,959,4.0403,0.0784,3.9645,0.0815,4.0373,0.0769
hetetogeneous_shard_non_iid_10_J_8_LR_0.01,960,4.1056,0.0814,4.0289,0.0869,4.1037,0.0769
hetetogeneous_shard_non_iid_10_J_8_LR_0.01,961,4.2297,0.0848,4.0910,0.0909,4.2020,0.0782
hetetogeneous_shard_non_iid_10_J_8_LR_0.01,962,4.1900,0.0858,4.1488,0.0896,4.1739,0.0870
hetetogeneous_shard_non_iid_10_J_8_LR_0.01,963,4.2511,0.0702,4.1402,0.0803,4.2442,0.0747
hetetogeneous_shard_non_iid_10_J_8_LR_0.01,964,3.9999,0.0838,3.9810,0.0858,4.0015,0.0839
hetetogeneous_shard_non_iid_10_J_8_LR_0.01,965,3.9164,0.1044,3.8486,0.1089,3.9058,0.1024
hetetogeneous_shard_non_iid_10_J_8_LR_0.01,966,4.3656,0.0726,4.1097,0.0866,4.3840,0.0697
hetetogeneous_shard_non_iid_10_J_8_LR_0.01,967,4.3532,0.0694,4.2817,0.0741,4.3527,0.0681
hetetogeneous_shard_non_iid_10_J_8_LR_0.01,968,3.9971,0.0908,3.9290,0.0940,3.9755,0.0897
hetetogeneous_shard_non_iid_10_J_8_LR_0.01,969,3.8147,0.1088,3.7263,0.1233,3.7973,0.1106
hetetogeneous_shard_non_iid_10_J_8_LR_0.01,970,3.9881,0.0964,3.8767,0.1102,3.9713,0.0968
hetetogeneous_shard_non_iid_10_J_8_LR_0.01,971,3.9983,0.1008,3.8925,0.1128,4.0030,0.1003
hetetogeneous_shard_non_iid_10_J_8_LR_0.01,972,3.9379,0.0906,3.8659,0.1006,3.9036,0.0922
hetetogeneous_shard_non_iid_10_J_8_LR_0.01,973,3.9507,0.1038,3.8542,0.1140,3.9241,0.1047
hetetogeneous_shard_non_iid_10_J_8_LR_0.01,974,4.4536,0.0648,4.3698,0.0665,4.4320,0.0624
hetetogeneous_shard_non_iid_10_J_8_LR_0.01,975,4.0143,0.1118,3.8720,0.1205,4.0038,0.1110
hetetogeneous_shard_non_iid_10_J_8_LR_0.01,976,4.3187,0.0912,4.2351,0.0932,4.2904,0.0886
hetetogeneous_shard_non_iid_10_J_8_LR_0.01,977,4.1273,0.1068,3.9692,0.1228,4.1061,0.1056
hetetogeneous_shard_non_iid_10_J_8_LR_0.01,978,3.8124,0.1074,3.7205,0.1213,3.7839,0.1080
hetetogeneous_shard_non_iid_10_J_8_LR_0.01,979,4.7602,0.0524,4.6740,0.0627,4.7152,0.0597
hetetogeneous_shard_non_iid_10_J_8_LR_0.01,980,4.1543,0.0878,4.1067,0.0919,4.1371,0.0836
hetetogeneous_shard_non_iid_10_J_8_LR_0.01,981,3.9749,0.0972,3.8845,0.1120,3.9636,0.1022
hetetogeneous_shard_non_iid_10_J_8_LR_0.01,982,3.8002,0.0980,3.7237,0.1111,3.7983,0.0968
hetetogeneous_shard_non_iid_10_J_8_LR_0.01,983,4.3010,0.0820,4.1142,0.1001,4.2779,0.0856
hetetogeneous_shard_non_iid_10_J_8_LR_0.01,984,3.8971,0.0882,3.7971,0.1085,3.8605,0.0938
hetetogeneous_shard_non_iid_10_J_8_LR_0.01,985,4.0878,0.0864,4.0053,0.0940,4.0798,0.0889
hetetogeneous_shard_non_iid_10_J_8_LR_0.01,986,3.8413,0.0980,3.7899,0.1086,3.8262,0.1004
hetetogeneous_shard_non_iid_10_J_8_LR_0.01,987,4.5616,0.0590,4.4665,0.0656,4.5262,0.0566
hetetogeneous_shard_non_iid_10_J_8_LR_0.01,988,4.1377,0.0788,3.9852,0.0956,4.1280,0.0799
hetetogeneous_shard_non_iid_10_J_8_LR_0.01,989,3.9749,0.0906,3.9019,0.0997,3.9537,0.0899
hetetogeneous_shard_non_iid_10_J_8_LR_0.01,990,4.0946,0.0812,3.9620,0.0935,4.0710,0.0831
hetetogeneous_shard_non_iid_10_J_8_LR_0.01,991,3.8297,0.1040,3.7341,0.1168,3.7919,0.1061
hetetogeneous_shard_non_iid_10_J_8_LR_0.01,992,4.3859,0.0738,4.2407,0.0873,4.3457,0.0797
hetetogeneous_shard_non_iid_10_J_8_LR_0.01,993,4.1379,0.0652,4.0894,0.0719,4.1245,0.0677
hetetogeneous_shard_non_iid_10_J_8_LR_0.01,994,4.0654,0.0898,3.9797,0.1120,4.0241,0.1006
hetetogeneous_shard_non_iid_10_J_8_LR_0.01,995,4.2047,0.0878,4.0059,0.1080,4.1409,0.0935
hetetogeneous_shard_non_iid_10_J_8_LR_0.01,996,3.9175,0.0988,3.8072,0.1154,3.8864,0.1058
hetetogeneous_shard_non_iid_10_J_8_LR_0.01,997,4.1728,0.0820,4.0433,0.0957,4.1448,0.0852
hetetogeneous_shard_non_iid_10_J_8_LR_0.01,998,4.4131,0.0554,4.3383,0.0617,4.4011,0.0607
hetetogeneous_shard_non_iid_10_J_8_LR_0.01,999,4.0331,0.0902,3.9364,0.1062,3.9966,0.0996
hetetogeneous_shard_non_iid_10_J_8_LR_0.01,1000,3.8272,0.1090,3.7148,0.1254,3.7897,0.1098
